2026-09-30T08:10:56.427+08:00  INFO 23680 --- [main] o.t.m.MyblogSprinbootApplication         : Starting MyblogSprinbootApplication using Java 17.0.5 with PID 23680 (E:\myblog\myblog-sprinboot\target\classes started by txf in E:\myblog\myblog-sprinboot)
2026-09-30T08:10:56.433+08:00  INFO 23680 --- [main] o.t.m.MyblogSprinbootApplication         : No active profile set, falling back to 1 default profile: "default"
2026-09-30T08:10:57.557+08:00  INFO 23680 --- [main] o.s.b.w.embedded.tomcat.TomcatWebServer  : Tomcat initialized with port(s): 8080 (http)
2026-09-30T08:10:57.564+08:00  INFO 23680 --- [main] o.apache.catalina.core.StandardService   : Starting service [Tomcat]
2026-09-30T08:10:57.565+08:00  INFO 23680 --- [main] o.apache.catalina.core.StandardEngine    : Starting Servlet engine: [Apache Tomcat/10.1.5]
2026-09-30T08:10:57.641+08:00  INFO 23680 --- [main] o.a.c.c.C.[Tomcat].[localhost].[/]       : Initializing Spring embedded WebApplicationContext
2026-09-30T08:10:57.641+08:00  INFO 23680 --- [main] w.s.c.ServletWebServerApplicationContext : Root WebApplicationContext: initialization completed in 1164 ms
2026-09-30T08:10:58.137+08:00  INFO 23680 --- [main] o.s.b.a.w.s.WelcomePageHandlerMapping    : Adding welcome page: class path resource [static/index.html]
2026-09-30T08:10:58.280+08:00  INFO 23680 --- [main] o.s.b.w.embedded.tomcat.TomcatWebServer  : Tomcat started on port(s): 8080 (http) with context path ''
2026-09-30T08:10:58.288+08:00  INFO 23680 --- [main] o.t.m.MyblogSprinbootApplication         : Started MyblogSprinbootApplication in 2.244 seconds (process running for 4.293)
2026-09-30T08:12:53.778+08:00  INFO 20252 --- [main] o.t.m.MyblogSprinbootApplication         : Starting MyblogSprinbootApplication using Java 17.0.5 with PID 20252 (E:\myblog\myblog-sprinboot\target\classes started by txf in E:\myblog\myblog-sprinboot)
2026-09-30T08:12:53.780+08:00  INFO 20252 --- [main] o.t.m.MyblogSprinbootApplication         : No active profile set, falling back to 1 default profile: "default"
2026-09-30T08:12:54.438+08:00  INFO 20252 --- [main] o.s.b.w.embedded.tomcat.TomcatWebServer  : Tomcat initialized with port(s): 8080 (http)
2026-09-30T08:12:54.445+08:00  INFO 20252 --- [main] o.apache.catalina.core.StandardService   : Starting service [Tomcat]
2026-09-30T08:12:54.445+08:00  INFO 20252 --- [main] o.apache.catalina.core.StandardEngine    : Starting Servlet engine: [Apache Tomcat/10.1.5]
2026-09-30T08:12:54.523+08:00  INFO 20252 --- [main] o.a.c.c.C.[Tomcat].[localhost].[/]       : Initializing Spring embedded WebApplicationContext
2026-09-30T08:12:54.523+08:00  INFO 20252 --- [main] w.s.c.ServletWebServerApplicationContext : Root WebApplicationContext: initialization completed in 710 ms
2026-09-30T08:12:54.857+08:00  INFO 20252 --- [main] o.s.b.a.w.s.WelcomePageHandlerMapping    : Adding welcome page: class path resource [static/index.html]
2026-09-30T08:12:54.988+08:00  INFO 20252 --- [main] o.s.b.w.embedded.tomcat.TomcatWebServer  : Tomcat started on port(s): 8080 (http) with context path ''
2026-09-30T08:12:54.996+08:00  INFO 20252 --- [main] o.t.m.MyblogSprinbootApplication         : Started MyblogSprinbootApplication in 1.594 seconds (process running for 2.039)
2026-09-30T08:13:01.098+08:00  INFO 20252 --- [http-nio-8080-exec-1] o.a.c.c.C.[Tomcat].[localhost].[/]       : Initializing Spring DispatcherServlet 'dispatcherServlet'
2026-09-30T08:13:01.099+08:00  INFO 20252 --- [http-nio-8080-exec-1] o.s.web.servlet.DispatcherServlet        : Initializing Servlet 'dispatcherServlet'
2026-09-30T08:13:01.099+08:00  INFO 20252 --- [http-nio-8080-exec-1] o.s.web.servlet.DispatcherServlet        : Completed initialization in 0 ms
2026-09-30T08:13:01.118+08:00  WARN 20252 --- [http-nio-8080-exec-1] ocalVariableTableParameterNameDiscoverer : Using deprecated '-debug' fallback for parameter name resolution. Compile the affected code with '-parameters' instead or avoid its introspection: org.txf.myblogsprinboot.controller.UserController
2026-09-30T08:13:01.122+08:00  INFO 20252 --- [http-nio-8080-exec-1] o.t.m.controller.UserController          : 用户登录.
2026-09-30T08:13:01.122+08:00  INFO 20252 --- [http-nio-8080-exec-1] o.t.m.controller.UserController          : 用户登录：校验参数成功.
2026-09-30T08:13:01.139+08:00  INFO 20252 --- [http-nio-8080-exec-1] com.zaxxer.hikari.HikariDataSource       : HikariPool-1 - Starting...
2026-09-30T08:13:01.403+08:00  INFO 20252 --- [http-nio-8080-exec-1] com.zaxxer.hikari.pool.HikariPool        : HikariPool-1 - Added connection com.mysql.cj.jdbc.ConnectionImpl@3286e6aa
2026-09-30T08:13:01.405+08:00  INFO 20252 --- [http-nio-8080-exec-1] com.zaxxer.hikari.HikariDataSource       : HikariPool-1 - Start completed.
2026-09-30T08:13:01.925+08:00  INFO 20252 --- [http-nio-8080-exec-1] o.t.m.controller.UserController          : 用户登录成功.
2026-09-30T08:13:01.961+08:00  WARN 20252 --- [http-nio-8080-exec-2] ocalVariableTableParameterNameDiscoverer : Using deprecated '-debug' fallback for parameter name resolution. Compile the affected code with '-parameters' instead or avoid its introspection: org.txf.myblogsprinboot.controller.ArticleController
2026-09-30T08:13:01.969+08:00  INFO 20252 --- [http-nio-8080-exec-2] o.txf.myblogsprinboot.utils.UserUtils    : 用户工具类getUserType方法判断用户类型.
2026-09-30T08:13:10.410+08:00  INFO 20252 --- [http-nio-8080-exec-3] o.txf.myblogsprinboot.utils.UserUtils    : 用户工具类getUserType方法判断用户类型.
2026-09-30T08:13:11.376+08:00  INFO 20252 --- [http-nio-8080-exec-4] o.txf.myblogsprinboot.utils.UserUtils    : 用户工具类getUserType方法判断用户类型.
2026-09-30T08:13:12.254+08:00  INFO 20252 --- [http-nio-8080-exec-5] o.txf.myblogsprinboot.utils.UserUtils    : 用户工具类getUserType方法判断用户类型.
2026-09-30T08:13:13.920+08:00  INFO 20252 --- [http-nio-8080-exec-6] o.txf.myblogsprinboot.utils.UserUtils    : 用户工具类getUserType方法判断用户类型.
2026-09-30T08:13:15.874+08:00  INFO 20252 --- [http-nio-8080-exec-7] o.txf.myblogsprinboot.utils.UserUtils    : 用户工具类getUserType方法判断用户类型.
2026-09-30T08:13:17.241+08:00  INFO 20252 --- [http-nio-8080-exec-8] o.txf.myblogsprinboot.utils.UserUtils    : 用户工具类getUserType方法判断用户类型.
2026-09-30T08:13:38.811+08:00  INFO 20252 --- [http-nio-8080-exec-9] o.txf.myblogsprinboot.utils.UserUtils    : 用户工具类getUserType方法判断用户类型.
2026-09-30T08:13:42.374+08:00  INFO 20252 --- [http-nio-8080-exec-10] o.txf.myblogsprinboot.utils.UserUtils    : 用户工具类getUserType方法判断用户类型.
2026-09-30T08:13:45.037+08:00  INFO 20252 --- [http-nio-8080-exec-1] o.txf.myblogsprinboot.utils.UserUtils    : 用户工具类getUserType方法判断用户类型.
2026-09-30T08:13:46.902+08:00  INFO 20252 --- [http-nio-8080-exec-2] o.txf.myblogsprinboot.utils.UserUtils    : 用户工具类getUserType方法判断用户类型.
2026-09-30T08:13:50.908+08:00  INFO 20252 --- [http-nio-8080-exec-3] o.txf.myblogsprinboot.utils.UserUtils    : 用户工具类getUserType方法判断用户类型.
2026-09-30T08:14:26.837+08:00  INFO 20252 --- [http-nio-8080-exec-4] o.txf.myblogsprinboot.utils.UserUtils    : 用户工具类getUserType方法判断用户类型.
2026-09-30T08:16:07.692+08:00  INFO 20252 --- [http-nio-8080-exec-5] o.txf.myblogsprinboot.utils.UserUtils    : 用户工具类getUserType方法判断用户类型.
2026-09-30T08:16:07.713+08:00  INFO 20252 --- [http-nio-8080-exec-6] o.t.m.service.AssetService               : 资源公共id：3da17e94-195f-4906-b239-97351db47556
2026-09-30T08:16:10.256+08:00  INFO 20252 --- [http-nio-8080-exec-7] o.t.m.interceptor.LoginInterceptor       : 进行登录拦截...
2026-09-30T08:16:10.258+08:00  INFO 20252 --- [http-nio-8080-exec-7] o.t.m.interceptor.LoginInterceptor       : 登录拦截检查完毕，放行接口：/tag/list
2026-09-30T08:16:10.260+08:00  INFO 20252 --- [http-nio-8080-exec-7] o.t.myblogsprinboot.service.TagService   : 获取作者的标签列表，作者的名字为：frank
2026-09-30T08:16:10.280+08:00  INFO 20252 --- [http-nio-8080-exec-7] o.t.myblogsprinboot.service.TagService   : 作者的标签列表获取完成，标签列表为：
2026-09-30T08:16:10.280+08:00  INFO 20252 --- [http-nio-8080-exec-7] o.t.myblogsprinboot.service.TagService   : [TagVO(id=10, name=Git), TagVO(id=1, name=Java), TagVO(id=14, name=Markdown), TagVO(id=4, name=MyBatis), TagVO(id=12, name=MySQL), TagVO(id=6, name=Session), TagVO(id=2, name=Spring Boot), TagVO(id=8, name=Vue), TagVO(id=9, name=前后端联调), TagVO(id=16, name=博客), TagVO(id=3, name=后端开发), TagVO(id=15, name=学习复盘), TagVO(id=13, name=数据库设计), TagVO(id=11, name=版本管理), TagVO(id=17, name=生活记录), TagVO(id=7, name=登录认证), TagVO(id=5, name=问题排查)]
2026-09-30T08:16:33.439+08:00  INFO 20252 --- [http-nio-8080-exec-9] o.txf.myblogsprinboot.utils.UserUtils    : 用户工具类getUserType方法判断用户类型.
2026-09-30T08:16:33.452+08:00  INFO 20252 --- [http-nio-8080-exec-10] o.t.m.service.AssetService               : 资源公共id：3da17e94-195f-4906-b239-97351db47556
2026-09-30T08:16:37.074+08:00  INFO 20252 --- [http-nio-8080-exec-1] o.t.m.interceptor.LoginInterceptor       : 进行登录拦截...
2026-09-30T08:16:37.076+08:00  INFO 20252 --- [http-nio-8080-exec-1] o.t.m.interceptor.LoginInterceptor       : 登录拦截检查完毕，放行接口：/tag/list
2026-09-30T08:16:37.078+08:00  INFO 20252 --- [http-nio-8080-exec-1] o.t.myblogsprinboot.service.TagService   : 获取作者的标签列表，作者的名字为：frank
2026-09-30T08:16:37.086+08:00  INFO 20252 --- [http-nio-8080-exec-1] o.t.myblogsprinboot.service.TagService   : 作者的标签列表获取完成，标签列表为：
2026-09-30T08:16:37.086+08:00  INFO 20252 --- [http-nio-8080-exec-1] o.t.myblogsprinboot.service.TagService   : [TagVO(id=10, name=Git), TagVO(id=1, name=Java), TagVO(id=14, name=Markdown), TagVO(id=4, name=MyBatis), TagVO(id=12, name=MySQL), TagVO(id=6, name=Session), TagVO(id=2, name=Spring Boot), TagVO(id=8, name=Vue), TagVO(id=9, name=前后端联调), TagVO(id=16, name=博客), TagVO(id=3, name=后端开发), TagVO(id=15, name=学习复盘), TagVO(id=13, name=数据库设计), TagVO(id=11, name=版本管理), TagVO(id=17, name=生活记录), TagVO(id=7, name=登录认证), TagVO(id=5, name=问题排查)]
2026-09-30T08:16:49.590+08:00  INFO 20252 --- [http-nio-8080-exec-3] o.txf.myblogsprinboot.utils.UserUtils    : 用户工具类getUserType方法判断用户类型.
2026-09-30T08:16:51.668+08:00  INFO 20252 --- [http-nio-8080-exec-4] o.txf.myblogsprinboot.utils.UserUtils    : 用户工具类getUserType方法判断用户类型.
2026-09-30T08:16:54.104+08:00  INFO 20252 --- [http-nio-8080-exec-5] o.txf.myblogsprinboot.utils.UserUtils    : 用户工具类getUserType方法判断用户类型.
2026-09-30T08:16:55.458+08:00  INFO 20252 --- [http-nio-8080-exec-6] o.t.m.interceptor.LoginInterceptor       : 进行登录拦截...
2026-09-30T08:16:55.461+08:00  INFO 20252 --- [http-nio-8080-exec-6] o.t.m.interceptor.LoginInterceptor       : 登录拦截检查完毕，放行接口：/tag/list
2026-09-30T08:16:55.463+08:00  INFO 20252 --- [http-nio-8080-exec-6] o.t.myblogsprinboot.service.TagService   : 获取作者的标签列表，作者的名字为：frank
2026-09-30T08:16:55.471+08:00  INFO 20252 --- [http-nio-8080-exec-6] o.t.myblogsprinboot.service.TagService   : 作者的标签列表获取完成，标签列表为：
2026-09-30T08:16:55.471+08:00  INFO 20252 --- [http-nio-8080-exec-6] o.t.myblogsprinboot.service.TagService   : [TagVO(id=10, name=Git), TagVO(id=1, name=Java), TagVO(id=14, name=Markdown), TagVO(id=4, name=MyBatis), TagVO(id=12, name=MySQL), TagVO(id=6, name=Session), TagVO(id=2, name=Spring Boot), TagVO(id=8, name=Vue), TagVO(id=9, name=前后端联调), TagVO(id=16, name=博客), TagVO(id=3, name=后端开发), TagVO(id=15, name=学习复盘), TagVO(id=13, name=数据库设计), TagVO(id=11, name=版本管理), TagVO(id=17, name=生活记录), TagVO(id=7, name=登录认证), TagVO(id=5, name=问题排查)]
2026-09-30T08:19:26.896+08:00  INFO 20252 --- [http-nio-8080-exec-8] o.txf.myblogsprinboot.utils.UserUtils    : 用户工具类getUserType方法判断用户类型.
2026-09-30T08:19:36.205+08:00  INFO 20252 --- [http-nio-8080-exec-9] o.txf.myblogsprinboot.utils.UserUtils    : 用户工具类getUserType方法判断用户类型.
2026-09-30T08:19:43.887+08:00  INFO 20252 --- [http-nio-8080-exec-10] o.t.m.interceptor.LoginInterceptor       : 进行登录拦截...
2026-09-30T08:19:43.889+08:00  INFO 20252 --- [http-nio-8080-exec-10] o.t.m.interceptor.LoginInterceptor       : 登录拦截检查完毕，放行接口：/tag/list
2026-09-30T08:19:43.891+08:00  INFO 20252 --- [http-nio-8080-exec-10] o.t.myblogsprinboot.service.TagService   : 获取作者的标签列表，作者的名字为：frank
2026-09-30T08:19:43.897+08:00  INFO 20252 --- [http-nio-8080-exec-10] o.t.myblogsprinboot.service.TagService   : 作者的标签列表获取完成，标签列表为：
2026-09-30T08:19:43.897+08:00  INFO 20252 --- [http-nio-8080-exec-10] o.t.myblogsprinboot.service.TagService   : [TagVO(id=10, name=Git), TagVO(id=1, name=Java), TagVO(id=14, name=Markdown), TagVO(id=4, name=MyBatis), TagVO(id=12, name=MySQL), TagVO(id=6, name=Session), TagVO(id=2, name=Spring Boot), TagVO(id=8, name=Vue), TagVO(id=9, name=前后端联调), TagVO(id=16, name=博客), TagVO(id=3, name=后端开发), TagVO(id=15, name=学习复盘), TagVO(id=13, name=数据库设计), TagVO(id=11, name=版本管理), TagVO(id=17, name=生活记录), TagVO(id=7, name=登录认证), TagVO(id=5, name=问题排查)]
2026-09-30T08:29:52.105+08:00  INFO 20252 --- [SpringApplicationShutdownHook] com.zaxxer.hikari.HikariDataSource       : HikariPool-1 - Shutdown initiated...
2026-09-30T08:29:52.107+08:00  INFO 20252 --- [SpringApplicationShutdownHook] com.zaxxer.hikari.HikariDataSource       : HikariPool-1 - Shutdown completed.
2026-09-30T08:45:33.327+08:00  INFO 24436 --- [main] o.t.m.MyblogSprinbootApplication         : Starting MyblogSprinbootApplication using Java 17.0.5 with PID 24436 (E:\myblog\myblog-sprinboot\target\classes started by txf in E:\myblog\myblog-sprinboot)
2026-09-30T08:45:33.328+08:00  INFO 24436 --- [main] o.t.m.MyblogSprinbootApplication         : No active profile set, falling back to 1 default profile: "default"
2026-09-30T08:45:33.991+08:00  INFO 24436 --- [main] o.s.b.w.embedded.tomcat.TomcatWebServer  : Tomcat initialized with port(s): 8080 (http)
2026-09-30T08:45:33.997+08:00  INFO 24436 --- [main] o.apache.catalina.core.StandardService   : Starting service [Tomcat]
2026-09-30T08:45:33.998+08:00  INFO 24436 --- [main] o.apache.catalina.core.StandardEngine    : Starting Servlet engine: [Apache Tomcat/10.1.5]
2026-09-30T08:45:34.068+08:00  INFO 24436 --- [main] o.a.c.c.C.[Tomcat].[localhost].[/]       : Initializing Spring embedded WebApplicationContext
2026-09-30T08:45:34.068+08:00  INFO 24436 --- [main] w.s.c.ServletWebServerApplicationContext : Root WebApplicationContext: initialization completed in 715 ms
2026-09-30T08:45:34.392+08:00  INFO 24436 --- [main] o.s.b.a.w.s.WelcomePageHandlerMapping    : Adding welcome page: class path resource [static/index.html]
2026-09-30T08:45:34.499+08:00  INFO 24436 --- [main] o.s.b.w.embedded.tomcat.TomcatWebServer  : Tomcat started on port(s): 8080 (http) with context path ''
2026-09-30T08:45:34.505+08:00  INFO 24436 --- [main] o.t.m.MyblogSprinbootApplication         : Started MyblogSprinbootApplication in 1.492 seconds (process running for 1.906)
2026-09-30T08:49:40.239+08:00  INFO 24056 --- [main] o.t.m.MyblogSprinbootApplication         : Starting MyblogSprinbootApplication using Java 17.0.5 with PID 24056 (E:\myblog\myblog-sprinboot\target\classes started by txf in E:\myblog\myblog-sprinboot)
2026-09-30T08:49:40.241+08:00  INFO 24056 --- [main] o.t.m.MyblogSprinbootApplication         : No active profile set, falling back to 1 default profile: "default"
2026-09-30T08:49:40.882+08:00  INFO 24056 --- [main] o.s.b.w.embedded.tomcat.TomcatWebServer  : Tomcat initialized with port(s): 8080 (http)
2026-09-30T08:49:40.889+08:00  INFO 24056 --- [main] o.apache.catalina.core.StandardService   : Starting service [Tomcat]
2026-09-30T08:49:40.889+08:00  INFO 24056 --- [main] o.apache.catalina.core.StandardEngine    : Starting Servlet engine: [Apache Tomcat/10.1.5]
2026-09-30T08:49:40.964+08:00  INFO 24056 --- [main] o.a.c.c.C.[Tomcat].[localhost].[/]       : Initializing Spring embedded WebApplicationContext
2026-09-30T08:49:40.965+08:00  INFO 24056 --- [main] w.s.c.ServletWebServerApplicationContext : Root WebApplicationContext: initialization completed in 697 ms
2026-09-30T08:49:41.307+08:00  INFO 24056 --- [main] o.s.b.a.w.s.WelcomePageHandlerMapping    : Adding welcome page: class path resource [static/index.html]
2026-09-30T08:49:41.420+08:00  INFO 24056 --- [main] o.s.b.w.embedded.tomcat.TomcatWebServer  : Tomcat started on port(s): 8080 (http) with context path ''
2026-09-30T08:49:41.426+08:00  INFO 24056 --- [main] o.t.m.MyblogSprinbootApplication         : Started MyblogSprinbootApplication in 1.49 seconds (process running for 1.902)
2026-09-30T08:50:11.451+08:00  INFO 24056 --- [http-nio-8080-exec-2] o.a.c.c.C.[Tomcat].[localhost].[/]       : Initializing Spring DispatcherServlet 'dispatcherServlet'
2026-09-30T08:50:11.452+08:00  INFO 24056 --- [http-nio-8080-exec-2] o.s.web.servlet.DispatcherServlet        : Initializing Servlet 'dispatcherServlet'
2026-09-30T08:50:11.452+08:00  INFO 24056 --- [http-nio-8080-exec-2] o.s.web.servlet.DispatcherServlet        : Completed initialization in 0 ms
2026-09-30T08:50:11.467+08:00  INFO 24056 --- [http-nio-8080-exec-2] o.t.m.interceptor.LoginInterceptor       : 进行登录拦截...
2026-09-30T08:50:11.481+08:00 ERROR 24056 --- [http-nio-8080-exec-2] o.t.m.utils.JwtsTokenUtils               : JWT String argument cannot be null or empty.
2026-09-30T08:50:11.483+08:00 ERROR 24056 --- [http-nio-8080-exec-2] o.a.c.c.C.[.[.[/].[dispatcherServlet]    : Servlet.service() for servlet [dispatcherServlet] in context with path [] threw exception [Request processing failed: io.jsonwebtoken.JwtException: JwtToken验证失败, 无效的token.] with root cause

io.jsonwebtoken.JwtException: JwtToken验证失败, 无效的token.
	at org.txf.myblogsprinboot.utils.JwtsTokenUtils.parseJwtToken(JwtsTokenUtils.java:41) ~[classes/:na]
	at org.txf.myblogsprinboot.interceptor.LoginInterceptor.preHandle(LoginInterceptor.java:23) ~[classes/:na]
	at org.springframework.web.servlet.HandlerExecutionChain.applyPreHandle(HandlerExecutionChain.java:146) ~[spring-webmvc-6.0.4.jar:6.0.4]
	at org.springframework.web.servlet.DispatcherServlet.doDispatch(DispatcherServlet.java:1075) ~[spring-webmvc-6.0.4.jar:6.0.4]
	at org.springframework.web.servlet.DispatcherServlet.doService(DispatcherServlet.java:973) ~[spring-webmvc-6.0.4.jar:6.0.4]
	at org.springframework.web.servlet.FrameworkServlet.processRequest(FrameworkServlet.java:1011) ~[spring-webmvc-6.0.4.jar:6.0.4]
	at org.springframework.web.servlet.FrameworkServlet.doGet(FrameworkServlet.java:903) ~[spring-webmvc-6.0.4.jar:6.0.4]
	at jakarta.servlet.http.HttpServlet.service(HttpServlet.java:705) ~[tomcat-embed-core-10.1.5.jar:6.0]
	at org.springframework.web.servlet.FrameworkServlet.service(FrameworkServlet.java:885) ~[spring-webmvc-6.0.4.jar:6.0.4]
	at jakarta.servlet.http.HttpServlet.service(HttpServlet.java:814) ~[tomcat-embed-core-10.1.5.jar:6.0]
	at org.apache.catalina.core.ApplicationFilterChain.internalDoFilter(ApplicationFilterChain.java:223) ~[tomcat-embed-core-10.1.5.jar:10.1.5]
	at org.apache.catalina.core.ApplicationFilterChain.doFilter(ApplicationFilterChain.java:158) ~[tomcat-embed-core-10.1.5.jar:10.1.5]
	at org.apache.tomcat.websocket.server.WsFilter.doFilter(WsFilter.java:53) ~[tomcat-embed-websocket-10.1.5.jar:10.1.5]
	at org.apache.catalina.core.ApplicationFilterChain.internalDoFilter(ApplicationFilterChain.java:185) ~[tomcat-embed-core-10.1.5.jar:10.1.5]
	at org.apache.catalina.core.ApplicationFilterChain.doFilter(ApplicationFilterChain.java:158) ~[tomcat-embed-core-10.1.5.jar:10.1.5]
	at org.springframework.web.filter.RequestContextFilter.doFilterInternal(RequestContextFilter.java:100) ~[spring-web-6.0.4.jar:6.0.4]
	at org.springframework.web.filter.OncePerRequestFilter.doFilter(OncePerRequestFilter.java:116) ~[spring-web-6.0.4.jar:6.0.4]
	at org.apache.catalina.core.ApplicationFilterChain.internalDoFilter(ApplicationFilterChain.java:185) ~[tomcat-embed-core-10.1.5.jar:10.1.5]
	at org.apache.catalina.core.ApplicationFilterChain.doFilter(ApplicationFilterChain.java:158) ~[tomcat-embed-core-10.1.5.jar:10.1.5]
	at org.springframework.web.filter.FormContentFilter.doFilterInternal(FormContentFilter.java:93) ~[spring-web-6.0.4.jar:6.0.4]
	at org.springframework.web.filter.OncePerRequestFilter.doFilter(OncePerRequestFilter.java:116) ~[spring-web-6.0.4.jar:6.0.4]
	at org.apache.catalina.core.ApplicationFilterChain.internalDoFilter(ApplicationFilterChain.java:185) ~[tomcat-embed-core-10.1.5.jar:10.1.5]
	at org.apache.catalina.core.ApplicationFilterChain.doFilter(ApplicationFilterChain.java:158) ~[tomcat-embed-core-10.1.5.jar:10.1.5]
	at org.springframework.web.filter.CharacterEncodingFilter.doFilterInternal(CharacterEncodingFilter.java:201) ~[spring-web-6.0.4.jar:6.0.4]
	at org.springframework.web.filter.OncePerRequestFilter.doFilter(OncePerRequestFilter.java:116) ~[spring-web-6.0.4.jar:6.0.4]
	at org.apache.catalina.core.ApplicationFilterChain.internalDoFilter(ApplicationFilterChain.java:185) ~[tomcat-embed-core-10.1.5.jar:10.1.5]
	at org.apache.catalina.core.ApplicationFilterChain.doFilter(ApplicationFilterChain.java:158) ~[tomcat-embed-core-10.1.5.jar:10.1.5]
	at org.apache.catalina.core.StandardWrapperValve.invoke(StandardWrapperValve.java:177) ~[tomcat-embed-core-10.1.5.jar:10.1.5]
	at org.apache.catalina.core.StandardContextValve.invoke(StandardContextValve.java:97) ~[tomcat-embed-core-10.1.5.jar:10.1.5]
	at org.apache.catalina.authenticator.AuthenticatorBase.invoke(AuthenticatorBase.java:542) ~[tomcat-embed-core-10.1.5.jar:10.1.5]
	at org.apache.catalina.core.StandardHostValve.invoke(StandardHostValve.java:119) ~[tomcat-embed-core-10.1.5.jar:10.1.5]
	at org.apache.catalina.valves.ErrorReportValve.invoke(ErrorReportValve.java:92) ~[tomcat-embed-core-10.1.5.jar:10.1.5]
	at org.apache.catalina.core.StandardEngineValve.invoke(StandardEngineValve.java:78) ~[tomcat-embed-core-10.1.5.jar:10.1.5]
	at org.apache.catalina.connector.CoyoteAdapter.service(CoyoteAdapter.java:357) ~[tomcat-embed-core-10.1.5.jar:10.1.5]
	at org.apache.coyote.http11.Http11Processor.service(Http11Processor.java:400) ~[tomcat-embed-core-10.1.5.jar:10.1.5]
	at org.apache.coyote.AbstractProcessorLight.process(AbstractProcessorLight.java:65) ~[tomcat-embed-core-10.1.5.jar:10.1.5]
	at org.apache.coyote.AbstractProtocol$ConnectionHandler.process(AbstractProtocol.java:859) ~[tomcat-embed-core-10.1.5.jar:10.1.5]
	at org.apache.tomcat.util.net.NioEndpoint$SocketProcessor.doRun(NioEndpoint.java:1734) ~[tomcat-embed-core-10.1.5.jar:10.1.5]
	at org.apache.tomcat.util.net.SocketProcessorBase.run(SocketProcessorBase.java:52) ~[tomcat-embed-core-10.1.5.jar:10.1.5]
	at org.apache.tomcat.util.threads.ThreadPoolExecutor.runWorker(ThreadPoolExecutor.java:1191) ~[tomcat-embed-core-10.1.5.jar:10.1.5]
	at org.apache.tomcat.util.threads.ThreadPoolExecutor$Worker.run(ThreadPoolExecutor.java:659) ~[tomcat-embed-core-10.1.5.jar:10.1.5]
	at org.apache.tomcat.util.threads.TaskThread$WrappingRunnable.run(TaskThread.java:61) ~[tomcat-embed-core-10.1.5.jar:10.1.5]
	at java.base/java.lang.Thread.run(Thread.java:833) ~[na:na]

2026-09-30T08:50:11.494+08:00  INFO 24056 --- [http-nio-8080-exec-2] o.t.m.interceptor.LoginInterceptor       : 进行登录拦截...
2026-09-30T08:50:11.494+08:00 ERROR 24056 --- [http-nio-8080-exec-2] o.t.m.utils.JwtsTokenUtils               : JWT String argument cannot be null or empty.
2026-09-30T08:50:25.101+08:00  WARN 24056 --- [http-nio-8080-exec-6] ocalVariableTableParameterNameDiscoverer : Using deprecated '-debug' fallback for parameter name resolution. Compile the affected code with '-parameters' instead or avoid its introspection: org.txf.myblogsprinboot.controller.UserController
2026-09-30T08:50:25.106+08:00  INFO 24056 --- [http-nio-8080-exec-6] o.t.m.controller.UserController          : 用户登录.
2026-09-30T08:50:25.106+08:00  INFO 24056 --- [http-nio-8080-exec-6] o.t.m.controller.UserController          : 用户登录：校验参数成功.
2026-09-30T08:50:25.120+08:00  INFO 24056 --- [http-nio-8080-exec-6] com.zaxxer.hikari.HikariDataSource       : HikariPool-1 - Starting...
2026-09-30T08:50:25.235+08:00  INFO 24056 --- [http-nio-8080-exec-6] com.zaxxer.hikari.pool.HikariPool        : HikariPool-1 - Added connection com.mysql.cj.jdbc.ConnectionImpl@6c762360
2026-09-30T08:50:25.237+08:00  INFO 24056 --- [http-nio-8080-exec-6] com.zaxxer.hikari.HikariDataSource       : HikariPool-1 - Start completed.
2026-09-30T08:50:25.624+08:00  INFO 24056 --- [http-nio-8080-exec-6] o.t.m.controller.UserController          : 用户登录成功.
2026-09-30T08:50:46.343+08:00  INFO 24056 --- [http-nio-8080-exec-3] o.t.m.interceptor.LoginInterceptor       : 进行登录拦截...
2026-09-30T08:50:46.367+08:00  INFO 24056 --- [http-nio-8080-exec-3] o.t.m.interceptor.LoginInterceptor       : 登录拦截检查完毕，放行接口：/article/articleTags
2026-09-30T08:50:46.370+08:00  INFO 24056 --- [http-nio-8080-exec-3] o.t.m.interceptor.LoginInterceptor       : 进行登录拦截...
2026-09-30T08:50:46.371+08:00  INFO 24056 --- [http-nio-8080-exec-3] o.t.m.interceptor.LoginInterceptor       : 登录拦截检查完毕，放行接口：/error
2026-09-30T08:51:06.577+08:00  INFO 24056 --- [http-nio-8080-exec-5] o.t.m.interceptor.LoginInterceptor       : 进行登录拦截...
2026-09-30T08:51:06.578+08:00  INFO 24056 --- [http-nio-8080-exec-5] o.t.m.interceptor.LoginInterceptor       : 登录拦截检查完毕，放行接口：/tag/articleTags
2026-09-30T08:51:06.580+08:00  WARN 24056 --- [http-nio-8080-exec-5] ocalVariableTableParameterNameDiscoverer : Using deprecated '-debug' fallback for parameter name resolution. Compile the affected code with '-parameters' instead or avoid its introspection: org.txf.myblogsprinboot.controller.TagController
2026-09-30T08:59:50.575+08:00  INFO 24056 --- [SpringApplicationShutdownHook] com.zaxxer.hikari.HikariDataSource       : HikariPool-1 - Shutdown initiated...
2026-09-30T08:59:50.581+08:00  INFO 24056 --- [SpringApplicationShutdownHook] com.zaxxer.hikari.HikariDataSource       : HikariPool-1 - Shutdown completed.
2026-09-30T09:10:22.832+08:00  INFO 6184 --- [main] o.t.m.MyblogSprinbootApplication         : Starting MyblogSprinbootApplication using Java 17.0.5 with PID 6184 (E:\myblog\myblog-sprinboot\target\classes started by txf in E:\myblog\myblog-sprinboot)
2026-09-30T09:10:22.839+08:00  INFO 6184 --- [main] o.t.m.MyblogSprinbootApplication         : No active profile set, falling back to 1 default profile: "default"
2026-09-30T09:10:23.523+08:00  INFO 6184 --- [main] o.s.b.w.embedded.tomcat.TomcatWebServer  : Tomcat initialized with port(s): 8080 (http)
2026-09-30T09:10:23.532+08:00  INFO 6184 --- [main] o.apache.catalina.core.StandardService   : Starting service [Tomcat]
2026-09-30T09:10:23.532+08:00  INFO 6184 --- [main] o.apache.catalina.core.StandardEngine    : Starting Servlet engine: [Apache Tomcat/10.1.5]
2026-09-30T09:10:23.610+08:00  INFO 6184 --- [main] o.a.c.c.C.[Tomcat].[localhost].[/]       : Initializing Spring embedded WebApplicationContext
2026-09-30T09:10:23.610+08:00  INFO 6184 --- [main] w.s.c.ServletWebServerApplicationContext : Root WebApplicationContext: initialization completed in 736 ms
2026-09-30T09:10:23.992+08:00  INFO 6184 --- [main] o.s.b.a.w.s.WelcomePageHandlerMapping    : Adding welcome page: class path resource [static/index.html]
2026-09-30T09:10:24.108+08:00  INFO 6184 --- [main] o.s.b.w.embedded.tomcat.TomcatWebServer  : Tomcat started on port(s): 8080 (http) with context path ''
2026-09-30T09:10:24.115+08:00  INFO 6184 --- [main] o.t.m.MyblogSprinbootApplication         : Started MyblogSprinbootApplication in 1.66 seconds (process running for 2.247)
2026-09-30T09:10:52.902+08:00  INFO 6184 --- [http-nio-8080-exec-1] o.a.c.c.C.[Tomcat].[localhost].[/]       : Initializing Spring DispatcherServlet 'dispatcherServlet'
2026-09-30T09:10:52.902+08:00  INFO 6184 --- [http-nio-8080-exec-1] o.s.web.servlet.DispatcherServlet        : Initializing Servlet 'dispatcherServlet'
2026-09-30T09:10:52.903+08:00  INFO 6184 --- [http-nio-8080-exec-1] o.s.web.servlet.DispatcherServlet        : Completed initialization in 1 ms
2026-09-30T09:10:52.924+08:00  WARN 6184 --- [http-nio-8080-exec-1] ocalVariableTableParameterNameDiscoverer : Using deprecated '-debug' fallback for parameter name resolution. Compile the affected code with '-parameters' instead or avoid its introspection: org.txf.myblogsprinboot.controller.ArticleController
2026-09-30T09:10:52.948+08:00  INFO 6184 --- [http-nio-8080-exec-1] com.zaxxer.hikari.HikariDataSource       : HikariPool-1 - Starting...
2026-09-30T09:10:53.122+08:00  INFO 6184 --- [http-nio-8080-exec-1] com.zaxxer.hikari.pool.HikariPool        : HikariPool-1 - Added connection com.mysql.cj.jdbc.ConnectionImpl@2dcaaf00
2026-09-30T09:10:53.125+08:00  INFO 6184 --- [http-nio-8080-exec-1] com.zaxxer.hikari.HikariDataSource       : HikariPool-1 - Start completed.
2026-09-30T09:10:53.216+08:00  INFO 6184 --- [http-nio-8080-exec-1] o.txf.myblogsprinboot.utils.UserUtils    : 用户工具类getUserType方法判断用户类型.
2026-09-30T09:10:53.241+08:00  INFO 6184 --- [http-nio-8080-exec-2] o.t.m.interceptor.LoginInterceptor       : 进行登录拦截...
2026-09-30T09:10:53.272+08:00  INFO 6184 --- [http-nio-8080-exec-2] o.t.m.interceptor.LoginInterceptor       : 登录拦截检查完毕，放行接口：/tag/list
2026-09-30T09:10:53.275+08:00  INFO 6184 --- [http-nio-8080-exec-2] o.t.myblogsprinboot.service.TagService   : 获取作者的标签列表，作者的名字为：frank
2026-09-30T09:10:53.306+08:00  INFO 6184 --- [http-nio-8080-exec-2] o.t.myblogsprinboot.service.TagService   : 作者的标签列表获取完成，标签列表为：
2026-09-30T09:10:53.306+08:00  INFO 6184 --- [http-nio-8080-exec-2] o.t.myblogsprinboot.service.TagService   : [TagVO(id=10, name=Git), TagVO(id=1, name=Java), TagVO(id=14, name=Markdown), TagVO(id=4, name=MyBatis), TagVO(id=12, name=MySQL), TagVO(id=6, name=Session), TagVO(id=2, name=Spring Boot), TagVO(id=8, name=Vue), TagVO(id=9, name=前后端联调), TagVO(id=16, name=博客), TagVO(id=3, name=后端开发), TagVO(id=15, name=学习复盘), TagVO(id=13, name=数据库设计), TagVO(id=11, name=版本管理), TagVO(id=17, name=生活记录), TagVO(id=7, name=登录认证), TagVO(id=5, name=问题排查)]
2026-09-30T09:10:53.344+08:00  INFO 6184 --- [http-nio-8080-exec-4] o.txf.myblogsprinboot.utils.UserUtils    : 用户工具类getUserType方法判断用户类型.
2026-09-30T09:10:53.404+08:00  INFO 6184 --- [http-nio-8080-exec-6] o.t.m.service.AssetService               : 资源公共id：3da17e94-195f-4906-b239-97351db47556
2026-09-30T09:10:55.574+08:00  INFO 6184 --- [http-nio-8080-exec-7] o.txf.myblogsprinboot.utils.UserUtils    : 用户工具类getUserType方法判断用户类型.
2026-09-30T09:11:02.577+08:00  WARN 6184 --- [http-nio-8080-exec-5] ocalVariableTableParameterNameDiscoverer : Using deprecated '-debug' fallback for parameter name resolution. Compile the affected code with '-parameters' instead or avoid its introspection: org.txf.myblogsprinboot.controller.UserController
2026-09-30T09:11:02.578+08:00  INFO 6184 --- [http-nio-8080-exec-5] o.t.m.controller.UserController          : 用户登录.
2026-09-30T09:11:02.578+08:00  INFO 6184 --- [http-nio-8080-exec-5] o.t.m.controller.UserController          : 用户登录：校验参数成功.
2026-09-30T09:11:02.893+08:00  INFO 6184 --- [http-nio-8080-exec-5] o.t.m.controller.UserController          : 用户登录成功.
2026-09-30T09:11:02.906+08:00  INFO 6184 --- [http-nio-8080-exec-8] o.txf.myblogsprinboot.utils.UserUtils    : 用户工具类getUserType方法判断用户类型.
2026-09-30T09:11:07.111+08:00  INFO 6184 --- [http-nio-8080-exec-9] o.txf.myblogsprinboot.utils.UserUtils    : 用户工具类getUserType方法判断用户类型.
2026-09-30T09:11:08.149+08:00  INFO 6184 --- [http-nio-8080-exec-10] o.t.m.interceptor.LoginInterceptor       : 进行登录拦截...
2026-09-30T09:11:08.153+08:00  INFO 6184 --- [http-nio-8080-exec-10] o.t.m.interceptor.LoginInterceptor       : 登录拦截检查完毕，放行接口：/tag/list
2026-09-30T09:11:08.155+08:00  INFO 6184 --- [http-nio-8080-exec-10] o.t.myblogsprinboot.service.TagService   : 获取作者的标签列表，作者的名字为：frank
2026-09-30T09:11:08.164+08:00  INFO 6184 --- [http-nio-8080-exec-10] o.t.myblogsprinboot.service.TagService   : 作者的标签列表获取完成，标签列表为：
2026-09-30T09:11:08.165+08:00  INFO 6184 --- [http-nio-8080-exec-10] o.t.myblogsprinboot.service.TagService   : [TagVO(id=10, name=Git), TagVO(id=1, name=Java), TagVO(id=14, name=Markdown), TagVO(id=4, name=MyBatis), TagVO(id=12, name=MySQL), TagVO(id=6, name=Session), TagVO(id=2, name=Spring Boot), TagVO(id=8, name=Vue), TagVO(id=9, name=前后端联调), TagVO(id=16, name=博客), TagVO(id=3, name=后端开发), TagVO(id=15, name=学习复盘), TagVO(id=13, name=数据库设计), TagVO(id=11, name=版本管理), TagVO(id=17, name=生活记录), TagVO(id=7, name=登录认证), TagVO(id=5, name=问题排查)]
2026-09-30T09:11:08.176+08:00  INFO 6184 --- [http-nio-8080-exec-2] o.txf.myblogsprinboot.utils.UserUtils    : 用户工具类getUserType方法判断用户类型.
2026-09-30T09:12:39.635+08:00  INFO 6184 --- [http-nio-8080-exec-1] o.txf.myblogsprinboot.utils.UserUtils    : 用户工具类getUserType方法判断用户类型.
2026-09-30T09:12:42.846+08:00  INFO 6184 --- [http-nio-8080-exec-4] o.txf.myblogsprinboot.utils.UserUtils    : 用户工具类getUserType方法判断用户类型.
2026-09-30T09:12:44.066+08:00  INFO 6184 --- [http-nio-8080-exec-6] o.txf.myblogsprinboot.utils.UserUtils    : 用户工具类getUserType方法判断用户类型.
2026-09-30T09:12:45.627+08:00  INFO 6184 --- [http-nio-8080-exec-7] o.t.m.interceptor.LoginInterceptor       : 进行登录拦截...
2026-09-30T09:12:45.629+08:00  INFO 6184 --- [http-nio-8080-exec-7] o.t.m.interceptor.LoginInterceptor       : 登录拦截检查完毕，放行接口：/tag/list
2026-09-30T09:12:45.631+08:00  INFO 6184 --- [http-nio-8080-exec-7] o.t.myblogsprinboot.service.TagService   : 获取作者的标签列表，作者的名字为：frank
2026-09-30T09:12:45.640+08:00  INFO 6184 --- [http-nio-8080-exec-7] o.t.myblogsprinboot.service.TagService   : 作者的标签列表获取完成，标签列表为：
2026-09-30T09:12:45.640+08:00  INFO 6184 --- [http-nio-8080-exec-7] o.t.myblogsprinboot.service.TagService   : [TagVO(id=10, name=Git), TagVO(id=1, name=Java), TagVO(id=14, name=Markdown), TagVO(id=4, name=MyBatis), TagVO(id=12, name=MySQL), TagVO(id=6, name=Session), TagVO(id=2, name=Spring Boot), TagVO(id=8, name=Vue), TagVO(id=9, name=前后端联调), TagVO(id=16, name=博客), TagVO(id=3, name=后端开发), TagVO(id=15, name=学习复盘), TagVO(id=13, name=数据库设计), TagVO(id=11, name=版本管理), TagVO(id=17, name=生活记录), TagVO(id=7, name=登录认证), TagVO(id=5, name=问题排查)]
2026-09-30T09:12:45.655+08:00  INFO 6184 --- [http-nio-8080-exec-8] o.txf.myblogsprinboot.utils.UserUtils    : 用户工具类getUserType方法判断用户类型.
2026-09-30T09:14:11.803+08:00  INFO 6184 --- [http-nio-8080-exec-9] o.txf.myblogsprinboot.utils.UserUtils    : 用户工具类getUserType方法判断用户类型.
2026-09-30T09:14:14.017+08:00  INFO 6184 --- [http-nio-8080-exec-10] o.t.m.interceptor.LoginInterceptor       : 进行登录拦截...
2026-09-30T09:14:14.020+08:00  INFO 6184 --- [http-nio-8080-exec-10] o.t.m.interceptor.LoginInterceptor       : 登录拦截检查完毕，放行接口：/tag/list
2026-09-30T09:14:14.023+08:00  INFO 6184 --- [http-nio-8080-exec-10] o.t.myblogsprinboot.service.TagService   : 获取作者的标签列表，作者的名字为：frank
2026-09-30T09:14:14.033+08:00  INFO 6184 --- [http-nio-8080-exec-10] o.t.myblogsprinboot.service.TagService   : 作者的标签列表获取完成，标签列表为：
2026-09-30T09:14:14.033+08:00  INFO 6184 --- [http-nio-8080-exec-10] o.t.myblogsprinboot.service.TagService   : [TagVO(id=10, name=Git), TagVO(id=1, name=Java), TagVO(id=14, name=Markdown), TagVO(id=4, name=MyBatis), TagVO(id=12, name=MySQL), TagVO(id=6, name=Session), TagVO(id=2, name=Spring Boot), TagVO(id=8, name=Vue), TagVO(id=9, name=前后端联调), TagVO(id=16, name=博客), TagVO(id=3, name=后端开发), TagVO(id=15, name=学习复盘), TagVO(id=13, name=数据库设计), TagVO(id=11, name=版本管理), TagVO(id=17, name=生活记录), TagVO(id=7, name=登录认证), TagVO(id=5, name=问题排查)]
2026-09-30T09:14:14.053+08:00  INFO 6184 --- [http-nio-8080-exec-2] o.txf.myblogsprinboot.utils.UserUtils    : 用户工具类getUserType方法判断用户类型.
2026-09-30T09:14:17.097+08:00  INFO 6184 --- [http-nio-8080-exec-1] o.txf.myblogsprinboot.utils.UserUtils    : 用户工具类getUserType方法判断用户类型.
2026-09-30T09:14:17.264+08:00  INFO 6184 --- [http-nio-8080-exec-4] o.txf.myblogsprinboot.utils.UserUtils    : 用户工具类getUserType方法判断用户类型.
2026-09-30T09:14:19.878+08:00  INFO 6184 --- [http-nio-8080-exec-6] o.txf.myblogsprinboot.utils.UserUtils    : 用户工具类getUserType方法判断用户类型.
2026-09-30T09:14:21.651+08:00  INFO 6184 --- [http-nio-8080-exec-5] o.t.m.interceptor.LoginInterceptor       : 进行登录拦截...
2026-09-30T09:14:21.654+08:00  INFO 6184 --- [http-nio-8080-exec-5] o.t.m.interceptor.LoginInterceptor       : 登录拦截检查完毕，放行接口：/tag/list
2026-09-30T09:14:21.656+08:00  INFO 6184 --- [http-nio-8080-exec-5] o.t.myblogsprinboot.service.TagService   : 获取作者的标签列表，作者的名字为：frank
2026-09-30T09:14:21.662+08:00  INFO 6184 --- [http-nio-8080-exec-5] o.t.myblogsprinboot.service.TagService   : 作者的标签列表获取完成，标签列表为：
2026-09-30T09:14:21.662+08:00  INFO 6184 --- [http-nio-8080-exec-5] o.t.myblogsprinboot.service.TagService   : [TagVO(id=10, name=Git), TagVO(id=1, name=Java), TagVO(id=14, name=Markdown), TagVO(id=4, name=MyBatis), TagVO(id=12, name=MySQL), TagVO(id=6, name=Session), TagVO(id=2, name=Spring Boot), TagVO(id=8, name=Vue), TagVO(id=9, name=前后端联调), TagVO(id=16, name=博客), TagVO(id=3, name=后端开发), TagVO(id=15, name=学习复盘), TagVO(id=13, name=数据库设计), TagVO(id=11, name=版本管理), TagVO(id=17, name=生活记录), TagVO(id=7, name=登录认证), TagVO(id=5, name=问题排查)]
2026-09-30T09:14:21.674+08:00  INFO 6184 --- [http-nio-8080-exec-8] o.txf.myblogsprinboot.utils.UserUtils    : 用户工具类getUserType方法判断用户类型.
2026-09-30T09:18:14.531+08:00  INFO 6184 --- [SpringApplicationShutdownHook] com.zaxxer.hikari.HikariDataSource       : HikariPool-1 - Shutdown initiated...
2026-09-30T09:18:14.535+08:00  INFO 6184 --- [SpringApplicationShutdownHook] com.zaxxer.hikari.HikariDataSource       : HikariPool-1 - Shutdown completed.
2026-09-30T10:00:28.553+08:00  INFO 6376 --- [main] o.t.m.MyblogSprinbootApplication         : Starting MyblogSprinbootApplication using Java 17.0.5 with PID 6376 (E:\myblog\myblog-sprinboot\target\classes started by txf in E:\myblog\myblog-sprinboot)
2026-09-30T10:00:28.555+08:00  INFO 6376 --- [main] o.t.m.MyblogSprinbootApplication         : No active profile set, falling back to 1 default profile: "default"
2026-09-30T10:00:29.369+08:00  INFO 6376 --- [main] o.s.b.w.embedded.tomcat.TomcatWebServer  : Tomcat initialized with port(s): 8080 (http)
2026-09-30T10:00:29.378+08:00  INFO 6376 --- [main] o.apache.catalina.core.StandardService   : Starting service [Tomcat]
2026-09-30T10:00:29.379+08:00  INFO 6376 --- [main] o.apache.catalina.core.StandardEngine    : Starting Servlet engine: [Apache Tomcat/10.1.5]
2026-09-30T10:00:29.475+08:00  INFO 6376 --- [main] o.a.c.c.C.[Tomcat].[localhost].[/]       : Initializing Spring embedded WebApplicationContext
2026-09-30T10:00:29.476+08:00  INFO 6376 --- [main] w.s.c.ServletWebServerApplicationContext : Root WebApplicationContext: initialization completed in 882 ms
2026-09-30T10:00:29.887+08:00  INFO 6376 --- [main] o.s.b.a.w.s.WelcomePageHandlerMapping    : Adding welcome page: class path resource [static/index.html]
2026-09-30T10:00:30.011+08:00  INFO 6376 --- [main] o.s.b.w.embedded.tomcat.TomcatWebServer  : Tomcat started on port(s): 8080 (http) with context path ''
2026-09-30T10:00:30.017+08:00  INFO 6376 --- [main] o.t.m.MyblogSprinbootApplication         : Started MyblogSprinbootApplication in 1.9 seconds (process running for 2.451)
2026-09-30T10:02:16.791+08:00  INFO 6376 --- [http-nio-8080-exec-2] o.a.c.c.C.[Tomcat].[localhost].[/]       : Initializing Spring DispatcherServlet 'dispatcherServlet'
2026-09-30T10:02:16.792+08:00  INFO 6376 --- [http-nio-8080-exec-2] o.s.web.servlet.DispatcherServlet        : Initializing Servlet 'dispatcherServlet'
2026-09-30T10:02:16.793+08:00  INFO 6376 --- [http-nio-8080-exec-2] o.s.web.servlet.DispatcherServlet        : Completed initialization in 1 ms
2026-09-30T10:02:16.815+08:00  WARN 6376 --- [http-nio-8080-exec-2] ocalVariableTableParameterNameDiscoverer : Using deprecated '-debug' fallback for parameter name resolution. Compile the affected code with '-parameters' instead or avoid its introspection: org.txf.myblogsprinboot.controller.UserController
2026-09-30T10:02:16.820+08:00  INFO 6376 --- [http-nio-8080-exec-2] o.t.m.controller.UserController          : 用户登录.
2026-09-30T10:02:16.820+08:00  INFO 6376 --- [http-nio-8080-exec-2] o.t.m.controller.UserController          : 用户登录：校验参数成功.
2026-09-30T10:02:16.833+08:00  INFO 6376 --- [http-nio-8080-exec-2] com.zaxxer.hikari.HikariDataSource       : HikariPool-1 - Starting...
2026-09-30T10:02:16.944+08:00  INFO 6376 --- [http-nio-8080-exec-2] com.zaxxer.hikari.pool.HikariPool        : HikariPool-1 - Added connection com.mysql.cj.jdbc.ConnectionImpl@288cfcfe
2026-09-30T10:02:16.945+08:00  INFO 6376 --- [http-nio-8080-exec-2] com.zaxxer.hikari.HikariDataSource       : HikariPool-1 - Start completed.
2026-09-30T10:02:17.333+08:00  INFO 6376 --- [http-nio-8080-exec-2] o.t.m.controller.UserController          : 用户登录成功.
2026-09-30T10:03:24.241+08:00  INFO 6376 --- [http-nio-8080-exec-5] o.txf.myblogsprinboot.utils.UserUtils    : 用户工具类getUserType方法判断用户类型.
2026-09-30T10:03:40.783+08:00  INFO 6376 --- [SpringApplicationShutdownHook] com.zaxxer.hikari.HikariDataSource       : HikariPool-1 - Shutdown initiated...
2026-09-30T10:03:40.789+08:00  INFO 6376 --- [SpringApplicationShutdownHook] com.zaxxer.hikari.HikariDataSource       : HikariPool-1 - Shutdown completed.
2026-09-30T11:33:45.017+08:00  INFO 24068 --- [main] o.t.m.dao.ArticleAssetMapperTest         : Starting ArticleAssetMapperTest using Java 17.0.5 with PID 24068 (started by txf in E:\myblog\myblog-sprinboot)
2026-09-30T11:33:45.020+08:00  INFO 24068 --- [main] o.t.m.dao.ArticleAssetMapperTest         : No active profile set, falling back to 1 default profile: "default"
2026-09-30T11:33:46.725+08:00  INFO 24068 --- [main] o.s.b.a.w.s.WelcomePageHandlerMapping    : Adding welcome page: class path resource [static/index.html]
2026-09-30T11:33:46.882+08:00  INFO 24068 --- [main] o.t.m.dao.ArticleAssetMapperTest         : Started ArticleAssetMapperTest in 2.153 seconds (process running for 3.273)
2026-09-30T11:33:46.910+08:00  INFO 24068 --- [main] com.zaxxer.hikari.HikariDataSource       : HikariPool-1 - Starting...
2026-09-30T11:33:47.094+08:00  INFO 24068 --- [main] com.zaxxer.hikari.pool.HikariPool        : HikariPool-1 - Added connection com.mysql.cj.jdbc.ConnectionImpl@7c8874ef
2026-09-30T11:33:47.097+08:00  INFO 24068 --- [main] com.zaxxer.hikari.HikariDataSource       : HikariPool-1 - Start completed.
2026-09-30T11:33:47.574+08:00  INFO 24068 --- [SpringApplicationShutdownHook] com.zaxxer.hikari.HikariDataSource       : HikariPool-1 - Shutdown initiated...
2026-09-30T11:33:47.581+08:00  INFO 24068 --- [SpringApplicationShutdownHook] com.zaxxer.hikari.HikariDataSource       : HikariPool-1 - Shutdown completed.
2026-09-30T11:34:52.989+08:00  INFO 14028 --- [main] o.t.m.dao.ArticleTagMapperTest           : Starting ArticleTagMapperTest using Java 17.0.5 with PID 14028 (started by txf in E:\myblog\myblog-sprinboot)
2026-09-30T11:34:52.991+08:00  INFO 14028 --- [main] o.t.m.dao.ArticleTagMapperTest           : No active profile set, falling back to 1 default profile: "default"
2026-09-30T11:34:54.197+08:00  INFO 14028 --- [main] o.s.b.a.w.s.WelcomePageHandlerMapping    : Adding welcome page: class path resource [static/index.html]
2026-09-30T11:34:54.343+08:00  INFO 14028 --- [main] o.t.m.dao.ArticleTagMapperTest           : Started ArticleTagMapperTest in 1.621 seconds (process running for 2.543)
2026-09-30T11:34:54.365+08:00  INFO 14028 --- [main] com.zaxxer.hikari.HikariDataSource       : HikariPool-1 - Starting...
2026-09-30T11:34:54.515+08:00  INFO 14028 --- [main] com.zaxxer.hikari.pool.HikariPool        : HikariPool-1 - Added connection com.mysql.cj.jdbc.ConnectionImpl@342ee097
2026-09-30T11:34:54.518+08:00  INFO 14028 --- [main] com.zaxxer.hikari.HikariDataSource       : HikariPool-1 - Start completed.
2026-09-30T11:34:54.954+08:00  INFO 14028 --- [SpringApplicationShutdownHook] com.zaxxer.hikari.HikariDataSource       : HikariPool-1 - Shutdown initiated...
2026-09-30T11:34:54.961+08:00  INFO 14028 --- [SpringApplicationShutdownHook] com.zaxxer.hikari.HikariDataSource       : HikariPool-1 - Shutdown completed.
2026-09-30T12:43:56.165+08:00  INFO 24392 --- [main] o.t.m.dao.ArticleMapperTest              : Starting ArticleMapperTest using Java 17.0.5 with PID 24392 (started by txf in E:\myblog\myblog-sprinboot)
2026-09-30T12:43:56.167+08:00  INFO 24392 --- [main] o.t.m.dao.ArticleMapperTest              : No active profile set, falling back to 1 default profile: "default"
2026-09-30T12:43:57.543+08:00  INFO 24392 --- [main] o.s.b.a.w.s.WelcomePageHandlerMapping    : Adding welcome page: class path resource [static/index.html]
2026-09-30T12:43:57.692+08:00  INFO 24392 --- [main] o.t.m.dao.ArticleMapperTest              : Started ArticleMapperTest in 1.793 seconds (process running for 2.8)
2026-09-30T12:43:57.716+08:00  INFO 24392 --- [main] com.zaxxer.hikari.HikariDataSource       : HikariPool-1 - Starting...
2026-09-30T12:43:57.854+08:00  INFO 24392 --- [main] com.zaxxer.hikari.pool.HikariPool        : HikariPool-1 - Added connection com.mysql.cj.jdbc.ConnectionImpl@5cfed0ba
2026-09-30T12:43:57.857+08:00  INFO 24392 --- [main] com.zaxxer.hikari.HikariDataSource       : HikariPool-1 - Start completed.
2026-09-30T12:43:58.344+08:00  INFO 24392 --- [SpringApplicationShutdownHook] com.zaxxer.hikari.HikariDataSource       : HikariPool-1 - Shutdown initiated...
2026-09-30T12:43:58.352+08:00  INFO 24392 --- [SpringApplicationShutdownHook] com.zaxxer.hikari.HikariDataSource       : HikariPool-1 - Shutdown completed.
2026-09-30T12:45:42.161+08:00  INFO 15664 --- [main] o.t.m.dao.ArticleMapperTest              : Starting ArticleMapperTest using Java 17.0.5 with PID 15664 (started by txf in E:\myblog\myblog-sprinboot)
2026-09-30T12:45:42.162+08:00  INFO 15664 --- [main] o.t.m.dao.ArticleMapperTest              : No active profile set, falling back to 1 default profile: "default"
2026-09-30T12:45:43.364+08:00  INFO 15664 --- [main] o.s.b.a.w.s.WelcomePageHandlerMapping    : Adding welcome page: class path resource [static/index.html]
2026-09-30T12:45:43.519+08:00  INFO 15664 --- [main] o.t.m.dao.ArticleMapperTest              : Started ArticleMapperTest in 1.626 seconds (process running for 2.639)
2026-09-30T12:45:43.541+08:00  INFO 15664 --- [main] com.zaxxer.hikari.HikariDataSource       : HikariPool-1 - Starting...
2026-09-30T12:45:43.686+08:00  INFO 15664 --- [main] com.zaxxer.hikari.pool.HikariPool        : HikariPool-1 - Added connection com.mysql.cj.jdbc.ConnectionImpl@130cfc47
2026-09-30T12:45:43.689+08:00  INFO 15664 --- [main] com.zaxxer.hikari.HikariDataSource       : HikariPool-1 - Start completed.
2026-09-30T12:45:44.146+08:00  INFO 15664 --- [SpringApplicationShutdownHook] com.zaxxer.hikari.HikariDataSource       : HikariPool-1 - Shutdown initiated...
2026-09-30T12:45:44.153+08:00  INFO 15664 --- [SpringApplicationShutdownHook] com.zaxxer.hikari.HikariDataSource       : HikariPool-1 - Shutdown completed.
2026-09-30T12:46:58.325+08:00  INFO 14732 --- [main] o.t.m.dao.ArticleMapperTest              : Starting ArticleMapperTest using Java 17.0.5 with PID 14732 (started by txf in E:\myblog\myblog-sprinboot)
2026-09-30T12:46:58.327+08:00  INFO 14732 --- [main] o.t.m.dao.ArticleMapperTest              : No active profile set, falling back to 1 default profile: "default"
2026-09-30T12:46:59.502+08:00  INFO 14732 --- [main] o.s.b.a.w.s.WelcomePageHandlerMapping    : Adding welcome page: class path resource [static/index.html]
2026-09-30T12:46:59.634+08:00  INFO 14732 --- [main] o.t.m.dao.ArticleMapperTest              : Started ArticleMapperTest in 1.568 seconds (process running for 2.496)
2026-09-30T12:46:59.656+08:00  INFO 14732 --- [main] com.zaxxer.hikari.HikariDataSource       : HikariPool-1 - Starting...
2026-09-30T12:46:59.788+08:00  INFO 14732 --- [main] com.zaxxer.hikari.pool.HikariPool        : HikariPool-1 - Added connection com.mysql.cj.jdbc.ConnectionImpl@5a2ae1ab
2026-09-30T12:46:59.791+08:00  INFO 14732 --- [main] com.zaxxer.hikari.HikariDataSource       : HikariPool-1 - Start completed.
2026-09-30T12:47:00.268+08:00  INFO 14732 --- [SpringApplicationShutdownHook] com.zaxxer.hikari.HikariDataSource       : HikariPool-1 - Shutdown initiated...
2026-09-30T12:47:00.276+08:00  INFO 14732 --- [SpringApplicationShutdownHook] com.zaxxer.hikari.HikariDataSource       : HikariPool-1 - Shutdown completed.
2026-09-30T12:49:30.179+08:00  INFO 14456 --- [main] o.t.m.dao.ArticleMapperTest              : Starting ArticleMapperTest using Java 17.0.5 with PID 14456 (started by txf in E:\myblog\myblog-sprinboot)
2026-09-30T12:49:30.180+08:00  INFO 14456 --- [main] o.t.m.dao.ArticleMapperTest              : No active profile set, falling back to 1 default profile: "default"
2026-09-30T12:49:31.334+08:00  INFO 14456 --- [main] o.s.b.a.w.s.WelcomePageHandlerMapping    : Adding welcome page: class path resource [static/index.html]
2026-09-30T12:49:31.469+08:00  INFO 14456 --- [main] o.t.m.dao.ArticleMapperTest              : Started ArticleMapperTest in 1.572 seconds (process running for 2.59)
2026-09-30T12:49:31.488+08:00  INFO 14456 --- [main] com.zaxxer.hikari.HikariDataSource       : HikariPool-1 - Starting...
2026-09-30T12:49:31.614+08:00  INFO 14456 --- [main] com.zaxxer.hikari.pool.HikariPool        : HikariPool-1 - Added connection com.mysql.cj.jdbc.ConnectionImpl@2bec068b
2026-09-30T12:49:31.616+08:00  INFO 14456 --- [main] com.zaxxer.hikari.HikariDataSource       : HikariPool-1 - Start completed.
2026-09-30T12:49:32.052+08:00  INFO 14456 --- [SpringApplicationShutdownHook] com.zaxxer.hikari.HikariDataSource       : HikariPool-1 - Shutdown initiated...
2026-09-30T12:49:32.060+08:00  INFO 14456 --- [SpringApplicationShutdownHook] com.zaxxer.hikari.HikariDataSource       : HikariPool-1 - Shutdown completed.
2026-09-30T12:52:28.657+08:00  INFO 14100 --- [main] o.t.m.dao.ArticleMapperTest              : Starting ArticleMapperTest using Java 17.0.5 with PID 14100 (started by txf in E:\myblog\myblog-sprinboot)
2026-09-30T12:52:28.659+08:00  INFO 14100 --- [main] o.t.m.dao.ArticleMapperTest              : No active profile set, falling back to 1 default profile: "default"
2026-09-30T12:52:29.847+08:00  INFO 14100 --- [main] o.s.b.a.w.s.WelcomePageHandlerMapping    : Adding welcome page: class path resource [static/index.html]
2026-09-30T12:52:29.987+08:00  INFO 14100 --- [main] o.t.m.dao.ArticleMapperTest              : Started ArticleMapperTest in 1.575 seconds (process running for 2.436)
2026-09-30T12:52:30.009+08:00  INFO 14100 --- [main] com.zaxxer.hikari.HikariDataSource       : HikariPool-1 - Starting...
2026-09-30T12:52:30.139+08:00  INFO 14100 --- [main] com.zaxxer.hikari.pool.HikariPool        : HikariPool-1 - Added connection com.mysql.cj.jdbc.ConnectionImpl@723e2d08
2026-09-30T12:52:30.142+08:00  INFO 14100 --- [main] com.zaxxer.hikari.HikariDataSource       : HikariPool-1 - Start completed.
2026-09-30T12:52:30.622+08:00  INFO 14100 --- [SpringApplicationShutdownHook] com.zaxxer.hikari.HikariDataSource       : HikariPool-1 - Shutdown initiated...
2026-09-30T12:52:30.630+08:00  INFO 14100 --- [SpringApplicationShutdownHook] com.zaxxer.hikari.HikariDataSource       : HikariPool-1 - Shutdown completed.
2026-09-30T12:56:31.661+08:00  INFO 23140 --- [main] o.t.m.dao.ArticleMapperTest              : Starting ArticleMapperTest using Java 17.0.5 with PID 23140 (started by txf in E:\myblog\myblog-sprinboot)
2026-09-30T12:56:31.662+08:00  INFO 23140 --- [main] o.t.m.dao.ArticleMapperTest              : No active profile set, falling back to 1 default profile: "default"
2026-09-30T12:56:32.834+08:00  INFO 23140 --- [main] o.s.b.a.w.s.WelcomePageHandlerMapping    : Adding welcome page: class path resource [static/index.html]
2026-09-30T12:56:32.963+08:00  INFO 23140 --- [main] o.t.m.dao.ArticleMapperTest              : Started ArticleMapperTest in 1.598 seconds (process running for 2.483)
2026-09-30T12:56:33.343+08:00  INFO 23140 --- [main] com.zaxxer.hikari.HikariDataSource       : HikariPool-1 - Starting...
2026-09-30T12:56:33.465+08:00  INFO 23140 --- [main] com.zaxxer.hikari.pool.HikariPool        : HikariPool-1 - Added connection com.mysql.cj.jdbc.ConnectionImpl@7f5e6833
2026-09-30T12:56:33.468+08:00  INFO 23140 --- [main] com.zaxxer.hikari.HikariDataSource       : HikariPool-1 - Start completed.
2026-09-30T12:56:33.549+08:00  INFO 23140 --- [SpringApplicationShutdownHook] com.zaxxer.hikari.HikariDataSource       : HikariPool-1 - Shutdown initiated...
2026-09-30T12:56:33.557+08:00  INFO 23140 --- [SpringApplicationShutdownHook] com.zaxxer.hikari.HikariDataSource       : HikariPool-1 - Shutdown completed.
2026-09-30T12:57:01.027+08:00  INFO 12760 --- [main] o.t.m.dao.ArticleMapperTest              : Starting ArticleMapperTest using Java 17.0.5 with PID 12760 (started by txf in E:\myblog\myblog-sprinboot)
2026-09-30T12:57:01.029+08:00  INFO 12760 --- [main] o.t.m.dao.ArticleMapperTest              : No active profile set, falling back to 1 default profile: "default"
2026-09-30T12:57:02.252+08:00  INFO 12760 --- [main] o.s.b.a.w.s.WelcomePageHandlerMapping    : Adding welcome page: class path resource [static/index.html]
2026-09-30T12:57:02.381+08:00  INFO 12760 --- [main] o.t.m.dao.ArticleMapperTest              : Started ArticleMapperTest in 1.605 seconds (process running for 2.487)
2026-09-30T12:57:02.726+08:00  INFO 12760 --- [main] com.zaxxer.hikari.HikariDataSource       : HikariPool-1 - Starting...
2026-09-30T12:57:02.862+08:00  INFO 12760 --- [main] com.zaxxer.hikari.pool.HikariPool        : HikariPool-1 - Added connection com.mysql.cj.jdbc.ConnectionImpl@3c07e830
2026-09-30T12:57:02.865+08:00  INFO 12760 --- [main] com.zaxxer.hikari.HikariDataSource       : HikariPool-1 - Start completed.
2026-09-30T12:57:02.940+08:00  INFO 12760 --- [SpringApplicationShutdownHook] com.zaxxer.hikari.HikariDataSource       : HikariPool-1 - Shutdown initiated...
2026-09-30T12:57:02.947+08:00  INFO 12760 --- [SpringApplicationShutdownHook] com.zaxxer.hikari.HikariDataSource       : HikariPool-1 - Shutdown completed.
2026-09-30T13:06:23.414+08:00  INFO 13120 --- [main] o.t.m.MyblogSprinbootApplication         : Starting MyblogSprinbootApplication using Java 17.0.5 with PID 13120 (E:\myblog\myblog-sprinboot\target\classes started by txf in E:\myblog\myblog-sprinboot)
2026-09-30T13:06:23.418+08:00  INFO 13120 --- [main] o.t.m.MyblogSprinbootApplication         : No active profile set, falling back to 1 default profile: "default"
2026-09-30T13:06:24.176+08:00  INFO 13120 --- [main] o.s.b.w.embedded.tomcat.TomcatWebServer  : Tomcat initialized with port(s): 8080 (http)
2026-09-30T13:06:24.188+08:00  INFO 13120 --- [main] o.apache.catalina.core.StandardService   : Starting service [Tomcat]
2026-09-30T13:06:24.188+08:00  INFO 13120 --- [main] o.apache.catalina.core.StandardEngine    : Starting Servlet engine: [Apache Tomcat/10.1.5]
2026-09-30T13:06:24.270+08:00  INFO 13120 --- [main] o.a.c.c.C.[Tomcat].[localhost].[/]       : Initializing Spring embedded WebApplicationContext
2026-09-30T13:06:24.271+08:00  INFO 13120 --- [main] w.s.c.ServletWebServerApplicationContext : Root WebApplicationContext: initialization completed in 818 ms
2026-09-30T13:06:24.752+08:00  INFO 13120 --- [main] o.s.b.a.w.s.WelcomePageHandlerMapping    : Adding welcome page: class path resource [static/index.html]
2026-09-30T13:06:24.877+08:00  INFO 13120 --- [main] o.s.b.w.embedded.tomcat.TomcatWebServer  : Tomcat started on port(s): 8080 (http) with context path ''
2026-09-30T13:06:24.883+08:00  INFO 13120 --- [main] o.t.m.MyblogSprinbootApplication         : Started MyblogSprinbootApplication in 1.841 seconds (process running for 2.328)
2026-09-30T13:06:31.469+08:00  INFO 13120 --- [http-nio-8080-exec-1] o.a.c.c.C.[Tomcat].[localhost].[/]       : Initializing Spring DispatcherServlet 'dispatcherServlet'
2026-09-30T13:06:31.470+08:00  INFO 13120 --- [http-nio-8080-exec-1] o.s.web.servlet.DispatcherServlet        : Initializing Servlet 'dispatcherServlet'
2026-09-30T13:06:31.471+08:00  INFO 13120 --- [http-nio-8080-exec-1] o.s.web.servlet.DispatcherServlet        : Completed initialization in 1 ms
2026-09-30T13:06:31.496+08:00  WARN 13120 --- [http-nio-8080-exec-1] ocalVariableTableParameterNameDiscoverer : Using deprecated '-debug' fallback for parameter name resolution. Compile the affected code with '-parameters' instead or avoid its introspection: org.txf.myblogsprinboot.controller.ArticleController
2026-09-30T13:06:31.515+08:00  INFO 13120 --- [http-nio-8080-exec-1] com.zaxxer.hikari.HikariDataSource       : HikariPool-1 - Starting...
2026-09-30T13:06:31.643+08:00  INFO 13120 --- [http-nio-8080-exec-1] com.zaxxer.hikari.pool.HikariPool        : HikariPool-1 - Added connection com.mysql.cj.jdbc.ConnectionImpl@35834c90
2026-09-30T13:06:31.645+08:00  INFO 13120 --- [http-nio-8080-exec-1] com.zaxxer.hikari.HikariDataSource       : HikariPool-1 - Start completed.
2026-09-30T13:06:31.712+08:00  INFO 13120 --- [http-nio-8080-exec-1] o.txf.myblogsprinboot.utils.UserUtils    : 用户工具类getUserType方法判断用户类型.
2026-09-30T13:06:40.272+08:00  WARN 13120 --- [http-nio-8080-exec-2] ocalVariableTableParameterNameDiscoverer : Using deprecated '-debug' fallback for parameter name resolution. Compile the affected code with '-parameters' instead or avoid its introspection: org.txf.myblogsprinboot.controller.UserController
2026-09-30T13:06:40.272+08:00  INFO 13120 --- [http-nio-8080-exec-2] o.t.m.controller.UserController          : 用户登录.
2026-09-30T13:06:40.272+08:00  INFO 13120 --- [http-nio-8080-exec-2] o.t.m.controller.UserController          : 用户登录：校验参数成功.
2026-09-30T13:06:40.575+08:00  INFO 13120 --- [http-nio-8080-exec-2] o.t.m.controller.UserController          : 用户登录成功.
2026-09-30T13:06:40.590+08:00  INFO 13120 --- [http-nio-8080-exec-3] o.txf.myblogsprinboot.utils.UserUtils    : 用户工具类getUserType方法判断用户类型.
2026-09-30T13:06:47.810+08:00  INFO 13120 --- [http-nio-8080-exec-5] o.txf.myblogsprinboot.utils.UserUtils    : 用户工具类getUserType方法判断用户类型.
2026-09-30T13:06:47.832+08:00  INFO 13120 --- [http-nio-8080-exec-4] o.t.m.service.AssetService               : 资源公共id：3da17e94-195f-4906-b239-97351db47556
2026-09-30T13:06:49.346+08:00  INFO 13120 --- [http-nio-8080-exec-7] o.t.m.interceptor.LoginInterceptor       : 进行登录拦截...
2026-09-30T13:06:49.348+08:00  INFO 13120 --- [http-nio-8080-exec-7] o.t.m.interceptor.LoginInterceptor       : 登录拦截检查完毕，放行接口：/tag/list
2026-09-30T13:06:49.350+08:00  INFO 13120 --- [http-nio-8080-exec-7] o.t.myblogsprinboot.service.TagService   : 获取作者的标签列表，作者的名字为：frank
2026-09-30T13:06:49.364+08:00  INFO 13120 --- [http-nio-8080-exec-7] o.t.myblogsprinboot.service.TagService   : 作者的标签列表获取完成，标签列表为：
2026-09-30T13:06:49.365+08:00  INFO 13120 --- [http-nio-8080-exec-7] o.t.myblogsprinboot.service.TagService   : [TagVO(id=10, name=Git), TagVO(id=1, name=Java), TagVO(id=14, name=Markdown), TagVO(id=4, name=MyBatis), TagVO(id=12, name=MySQL), TagVO(id=6, name=Session), TagVO(id=2, name=Spring Boot), TagVO(id=8, name=Vue), TagVO(id=9, name=前后端联调), TagVO(id=16, name=博客), TagVO(id=3, name=后端开发), TagVO(id=15, name=学习复盘), TagVO(id=13, name=数据库设计), TagVO(id=11, name=版本管理), TagVO(id=17, name=生活记录), TagVO(id=7, name=登录认证), TagVO(id=5, name=问题排查)]
2026-09-30T13:06:49.392+08:00  INFO 13120 --- [http-nio-8080-exec-8] o.txf.myblogsprinboot.utils.UserUtils    : 用户工具类getUserType方法判断用户类型.
2026-09-30T13:07:30.074+08:00  INFO 13120 --- [http-nio-8080-exec-9] o.t.m.interceptor.LoginInterceptor       : 进行登录拦截...
2026-09-30T13:07:30.075+08:00  INFO 13120 --- [http-nio-8080-exec-9] o.t.m.interceptor.LoginInterceptor       : 登录拦截检查完毕，放行接口：/article/edit
2026-09-30T13:07:30.080+08:00  INFO 13120 --- [http-nio-8080-exec-9] o.t.m.interceptor.LoginInterceptor       : 进行登录拦截...
2026-09-30T13:07:30.081+08:00  INFO 13120 --- [http-nio-8080-exec-9] o.t.m.interceptor.LoginInterceptor       : 登录拦截检查完毕，放行接口：/error
2026-09-30T13:07:58.008+08:00  INFO 13120 --- [http-nio-8080-exec-10] o.t.m.interceptor.LoginInterceptor       : 进行登录拦截...
2026-09-30T13:07:58.010+08:00  INFO 13120 --- [http-nio-8080-exec-10] o.t.m.interceptor.LoginInterceptor       : 登录拦截检查完毕，放行接口：/article/edit
2026-09-30T13:07:58.013+08:00  INFO 13120 --- [http-nio-8080-exec-10] o.t.m.interceptor.LoginInterceptor       : 进行登录拦截...
2026-09-30T13:07:58.015+08:00  INFO 13120 --- [http-nio-8080-exec-10] o.t.m.interceptor.LoginInterceptor       : 登录拦截检查完毕，放行接口：/error
2026-09-30T13:08:41.024+08:00  INFO 13120 --- [http-nio-8080-exec-1] o.t.m.interceptor.LoginInterceptor       : 进行登录拦截...
2026-09-30T13:08:41.025+08:00  INFO 13120 --- [http-nio-8080-exec-1] o.t.m.interceptor.LoginInterceptor       : 登录拦截检查完毕，放行接口：/article/edit
2026-09-30T13:08:41.026+08:00  INFO 13120 --- [http-nio-8080-exec-1] o.t.m.interceptor.LoginInterceptor       : 进行登录拦截...
2026-09-30T13:08:41.027+08:00  INFO 13120 --- [http-nio-8080-exec-1] o.t.m.interceptor.LoginInterceptor       : 登录拦截检查完毕，放行接口：/error
2026-09-30T13:09:22.411+08:00  INFO 13120 --- [SpringApplicationShutdownHook] com.zaxxer.hikari.HikariDataSource       : HikariPool-1 - Shutdown initiated...
2026-09-30T13:09:22.416+08:00  INFO 13120 --- [SpringApplicationShutdownHook] com.zaxxer.hikari.HikariDataSource       : HikariPool-1 - Shutdown completed.
2026-09-30T13:09:26.315+08:00  INFO 688 --- [main] o.t.m.MyblogSprinbootApplication         : Starting MyblogSprinbootApplication using Java 17.0.5 with PID 688 (E:\myblog\myblog-sprinboot\target\classes started by txf in E:\myblog\myblog-sprinboot)
2026-09-30T13:09:26.321+08:00  INFO 688 --- [main] o.t.m.MyblogSprinbootApplication         : No active profile set, falling back to 1 default profile: "default"
2026-09-30T13:09:27.060+08:00  INFO 688 --- [main] o.s.b.w.embedded.tomcat.TomcatWebServer  : Tomcat initialized with port(s): 8080 (http)
2026-09-30T13:09:27.071+08:00  INFO 688 --- [main] o.apache.catalina.core.StandardService   : Starting service [Tomcat]
2026-09-30T13:09:27.072+08:00  INFO 688 --- [main] o.apache.catalina.core.StandardEngine    : Starting Servlet engine: [Apache Tomcat/10.1.5]
2026-09-30T13:09:27.156+08:00  INFO 688 --- [main] o.a.c.c.C.[Tomcat].[localhost].[/]       : Initializing Spring embedded WebApplicationContext
2026-09-30T13:09:27.156+08:00  INFO 688 --- [main] w.s.c.ServletWebServerApplicationContext : Root WebApplicationContext: initialization completed in 807 ms
2026-09-30T13:09:27.506+08:00  INFO 688 --- [main] o.s.b.a.w.s.WelcomePageHandlerMapping    : Adding welcome page: class path resource [static/index.html]
2026-09-30T13:09:27.626+08:00  INFO 688 --- [main] o.s.b.w.embedded.tomcat.TomcatWebServer  : Tomcat started on port(s): 8080 (http) with context path ''
2026-09-30T13:09:27.633+08:00  INFO 688 --- [main] o.t.m.MyblogSprinbootApplication         : Started MyblogSprinbootApplication in 1.699 seconds (process running for 2.194)
2026-09-30T13:09:29.035+08:00  INFO 688 --- [http-nio-8080-exec-1] o.a.c.c.C.[Tomcat].[localhost].[/]       : Initializing Spring DispatcherServlet 'dispatcherServlet'
2026-09-30T13:09:29.037+08:00  INFO 688 --- [http-nio-8080-exec-1] o.s.web.servlet.DispatcherServlet        : Initializing Servlet 'dispatcherServlet'
2026-09-30T13:09:29.038+08:00  INFO 688 --- [http-nio-8080-exec-1] o.s.web.servlet.DispatcherServlet        : Completed initialization in 0 ms
2026-09-30T13:09:29.055+08:00  WARN 688 --- [http-nio-8080-exec-1] ocalVariableTableParameterNameDiscoverer : Using deprecated '-debug' fallback for parameter name resolution. Compile the affected code with '-parameters' instead or avoid its introspection: org.txf.myblogsprinboot.controller.ArticleController
2026-09-30T13:09:29.070+08:00  INFO 688 --- [http-nio-8080-exec-1] com.zaxxer.hikari.HikariDataSource       : HikariPool-1 - Starting...
2026-09-30T13:09:29.179+08:00  INFO 688 --- [http-nio-8080-exec-1] com.zaxxer.hikari.pool.HikariPool        : HikariPool-1 - Added connection com.mysql.cj.jdbc.ConnectionImpl@35834c90
2026-09-30T13:09:29.180+08:00  INFO 688 --- [http-nio-8080-exec-1] com.zaxxer.hikari.HikariDataSource       : HikariPool-1 - Start completed.
2026-09-30T13:09:29.272+08:00  INFO 688 --- [http-nio-8080-exec-1] o.txf.myblogsprinboot.utils.UserUtils    : 用户工具类getUserType方法判断用户类型.
2026-09-30T13:09:40.781+08:00  WARN 688 --- [http-nio-8080-exec-2] ocalVariableTableParameterNameDiscoverer : Using deprecated '-debug' fallback for parameter name resolution. Compile the affected code with '-parameters' instead or avoid its introspection: org.txf.myblogsprinboot.controller.UserController
2026-09-30T13:09:40.781+08:00  INFO 688 --- [http-nio-8080-exec-2] o.t.m.controller.UserController          : 用户登录.
2026-09-30T13:09:40.781+08:00  INFO 688 --- [http-nio-8080-exec-2] o.t.m.controller.UserController          : 用户登录：校验参数成功.
2026-09-30T13:09:41.079+08:00  INFO 688 --- [http-nio-8080-exec-2] o.t.m.controller.UserController          : 用户登录成功.
2026-09-30T13:09:43.151+08:00  INFO 688 --- [http-nio-8080-exec-3] o.txf.myblogsprinboot.utils.UserUtils    : 用户工具类getUserType方法判断用户类型.
2026-09-30T13:10:06.209+08:00  INFO 688 --- [http-nio-8080-exec-4] o.txf.myblogsprinboot.utils.UserUtils    : 用户工具类getUserType方法判断用户类型.
2026-09-30T13:10:08.274+08:00  INFO 688 --- [http-nio-8080-exec-5] o.t.m.service.AssetService               : 资源公共id：3da17e94-195f-4906-b239-97351db47556
2026-09-30T13:10:12.290+08:00  INFO 688 --- [http-nio-8080-exec-6] o.t.m.interceptor.LoginInterceptor       : 进行登录拦截...
2026-09-30T13:10:12.291+08:00  INFO 688 --- [http-nio-8080-exec-6] o.t.m.interceptor.LoginInterceptor       : 登录拦截检查完毕，放行接口：/tag/list
2026-09-30T13:10:12.293+08:00  INFO 688 --- [http-nio-8080-exec-6] o.t.myblogsprinboot.service.TagService   : 获取作者的标签列表，作者的名字为：frank
2026-09-30T13:10:12.304+08:00  INFO 688 --- [http-nio-8080-exec-6] o.t.myblogsprinboot.service.TagService   : 作者的标签列表获取完成，标签列表为：
2026-09-30T13:10:12.305+08:00  INFO 688 --- [http-nio-8080-exec-6] o.t.myblogsprinboot.service.TagService   : [TagVO(id=10, name=Git), TagVO(id=1, name=Java), TagVO(id=14, name=Markdown), TagVO(id=4, name=MyBatis), TagVO(id=12, name=MySQL), TagVO(id=6, name=Session), TagVO(id=2, name=Spring Boot), TagVO(id=8, name=Vue), TagVO(id=9, name=前后端联调), TagVO(id=16, name=博客), TagVO(id=3, name=后端开发), TagVO(id=15, name=学习复盘), TagVO(id=13, name=数据库设计), TagVO(id=11, name=版本管理), TagVO(id=17, name=生活记录), TagVO(id=7, name=登录认证), TagVO(id=5, name=问题排查)]
2026-09-30T13:10:14.362+08:00  INFO 688 --- [http-nio-8080-exec-8] o.txf.myblogsprinboot.utils.UserUtils    : 用户工具类getUserType方法判断用户类型.
2026-09-30T13:10:30.809+08:00  INFO 688 --- [http-nio-8080-exec-9] o.txf.myblogsprinboot.utils.UserUtils    : 用户工具类getUserType方法判断用户类型.
2026-09-30T13:10:34.685+08:00  INFO 688 --- [http-nio-8080-exec-10] o.txf.myblogsprinboot.utils.UserUtils    : 用户工具类getUserType方法判断用户类型.
2026-09-30T13:10:36.755+08:00  INFO 688 --- [http-nio-8080-exec-1] o.t.m.service.AssetService               : 资源公共id：3da17e94-195f-4906-b239-97351db47556
2026-09-30T13:10:40.653+08:00  INFO 688 --- [http-nio-8080-exec-3] o.t.m.interceptor.LoginInterceptor       : 进行登录拦截...
2026-09-30T13:10:40.654+08:00  INFO 688 --- [http-nio-8080-exec-3] o.t.m.interceptor.LoginInterceptor       : 登录拦截检查完毕，放行接口：/tag/list
2026-09-30T13:10:40.655+08:00  INFO 688 --- [http-nio-8080-exec-3] o.t.myblogsprinboot.service.TagService   : 获取作者的标签列表，作者的名字为：frank
2026-09-30T13:10:40.662+08:00  INFO 688 --- [http-nio-8080-exec-3] o.t.myblogsprinboot.service.TagService   : 作者的标签列表获取完成，标签列表为：
2026-09-30T13:10:40.662+08:00  INFO 688 --- [http-nio-8080-exec-3] o.t.myblogsprinboot.service.TagService   : [TagVO(id=10, name=Git), TagVO(id=1, name=Java), TagVO(id=14, name=Markdown), TagVO(id=4, name=MyBatis), TagVO(id=12, name=MySQL), TagVO(id=6, name=Session), TagVO(id=2, name=Spring Boot), TagVO(id=8, name=Vue), TagVO(id=9, name=前后端联调), TagVO(id=16, name=博客), TagVO(id=3, name=后端开发), TagVO(id=15, name=学习复盘), TagVO(id=13, name=数据库设计), TagVO(id=11, name=版本管理), TagVO(id=17, name=生活记录), TagVO(id=7, name=登录认证), TagVO(id=5, name=问题排查)]
2026-09-30T13:10:42.729+08:00  INFO 688 --- [http-nio-8080-exec-4] o.txf.myblogsprinboot.utils.UserUtils    : 用户工具类getUserType方法判断用户类型.
2026-09-30T13:11:12.524+08:00  INFO 688 --- [http-nio-8080-exec-5] o.t.m.interceptor.LoginInterceptor       : 进行登录拦截...
2026-09-30T13:11:12.526+08:00  INFO 688 --- [http-nio-8080-exec-5] o.t.m.interceptor.LoginInterceptor       : 登录拦截检查完毕，放行接口：/tag/list
2026-09-30T13:11:12.527+08:00  INFO 688 --- [http-nio-8080-exec-5] o.t.myblogsprinboot.service.TagService   : 获取作者的标签列表，作者的名字为：frank
2026-09-30T13:11:12.541+08:00  INFO 688 --- [http-nio-8080-exec-5] o.t.myblogsprinboot.service.TagService   : 作者的标签列表获取完成，标签列表为：
2026-09-30T13:11:12.542+08:00  INFO 688 --- [http-nio-8080-exec-5] o.t.myblogsprinboot.service.TagService   : [TagVO(id=10, name=Git), TagVO(id=1, name=Java), TagVO(id=14, name=Markdown), TagVO(id=4, name=MyBatis), TagVO(id=12, name=MySQL), TagVO(id=6, name=Session), TagVO(id=2, name=Spring Boot), TagVO(id=8, name=Vue), TagVO(id=9, name=前后端联调), TagVO(id=16, name=博客), TagVO(id=3, name=后端开发), TagVO(id=15, name=学习复盘), TagVO(id=13, name=数据库设计), TagVO(id=11, name=版本管理), TagVO(id=17, name=生活记录), TagVO(id=7, name=登录认证), TagVO(id=5, name=问题排查)]
2026-09-30T13:11:12.604+08:00  INFO 688 --- [http-nio-8080-exec-6] o.txf.myblogsprinboot.utils.UserUtils    : 用户工具类getUserType方法判断用户类型.
2026-09-30T13:11:15.673+08:00  INFO 688 --- [http-nio-8080-exec-8] o.txf.myblogsprinboot.utils.UserUtils    : 用户工具类getUserType方法判断用户类型.
2026-09-30T13:11:18.988+08:00  INFO 688 --- [http-nio-8080-exec-9] o.txf.myblogsprinboot.utils.UserUtils    : 用户工具类getUserType方法判断用户类型.
2026-09-30T13:11:21.049+08:00  INFO 688 --- [http-nio-8080-exec-10] o.t.m.service.AssetService               : 资源公共id：eda7d8a9-e400-4e1b-ac12-802684e27d50
2026-09-30T13:11:22.195+08:00  INFO 688 --- [http-nio-8080-exec-1] o.t.m.interceptor.LoginInterceptor       : 进行登录拦截...
2026-09-30T13:11:22.197+08:00  INFO 688 --- [http-nio-8080-exec-1] o.t.m.interceptor.LoginInterceptor       : 登录拦截检查完毕，放行接口：/tag/list
2026-09-30T13:11:22.198+08:00  INFO 688 --- [http-nio-8080-exec-1] o.t.myblogsprinboot.service.TagService   : 获取作者的标签列表，作者的名字为：frank
2026-09-30T13:11:22.205+08:00  INFO 688 --- [http-nio-8080-exec-1] o.t.myblogsprinboot.service.TagService   : 作者的标签列表获取完成，标签列表为：
2026-09-30T13:11:22.205+08:00  INFO 688 --- [http-nio-8080-exec-1] o.t.myblogsprinboot.service.TagService   : [TagVO(id=10, name=Git), TagVO(id=1, name=Java), TagVO(id=14, name=Markdown), TagVO(id=4, name=MyBatis), TagVO(id=12, name=MySQL), TagVO(id=6, name=Session), TagVO(id=2, name=Spring Boot), TagVO(id=8, name=Vue), TagVO(id=9, name=前后端联调), TagVO(id=16, name=博客), TagVO(id=3, name=后端开发), TagVO(id=15, name=学习复盘), TagVO(id=13, name=数据库设计), TagVO(id=11, name=版本管理), TagVO(id=17, name=生活记录), TagVO(id=7, name=登录认证), TagVO(id=5, name=问题排查)]
2026-09-30T13:11:24.263+08:00  INFO 688 --- [http-nio-8080-exec-3] o.txf.myblogsprinboot.utils.UserUtils    : 用户工具类getUserType方法判断用户类型.
2026-09-30T13:11:34.094+08:00  INFO 688 --- [http-nio-8080-exec-4] o.txf.myblogsprinboot.utils.UserUtils    : 用户工具类getUserType方法判断用户类型.
2026-09-30T13:11:41.471+08:00  INFO 688 --- [http-nio-8080-exec-7] o.txf.myblogsprinboot.utils.UserUtils    : 用户工具类getUserType方法判断用户类型.
2026-09-30T13:11:45.895+08:00  INFO 688 --- [http-nio-8080-exec-5] o.t.m.interceptor.LoginInterceptor       : 进行登录拦截...
2026-09-30T13:11:45.897+08:00  INFO 688 --- [http-nio-8080-exec-5] o.t.m.interceptor.LoginInterceptor       : 登录拦截检查完毕，放行接口：/tag/list
2026-09-30T13:11:45.898+08:00  INFO 688 --- [http-nio-8080-exec-5] o.t.myblogsprinboot.service.TagService   : 获取作者的标签列表，作者的名字为：frank
2026-09-30T13:11:45.903+08:00  INFO 688 --- [http-nio-8080-exec-5] o.t.myblogsprinboot.service.TagService   : 作者的标签列表获取完成，标签列表为：
2026-09-30T13:11:45.903+08:00  INFO 688 --- [http-nio-8080-exec-5] o.t.myblogsprinboot.service.TagService   : [TagVO(id=10, name=Git), TagVO(id=1, name=Java), TagVO(id=14, name=Markdown), TagVO(id=4, name=MyBatis), TagVO(id=12, name=MySQL), TagVO(id=6, name=Session), TagVO(id=2, name=Spring Boot), TagVO(id=8, name=Vue), TagVO(id=9, name=前后端联调), TagVO(id=16, name=博客), TagVO(id=3, name=后端开发), TagVO(id=15, name=学习复盘), TagVO(id=13, name=数据库设计), TagVO(id=11, name=版本管理), TagVO(id=17, name=生活记录), TagVO(id=7, name=登录认证), TagVO(id=5, name=问题排查)]
2026-09-30T13:11:47.947+08:00  INFO 688 --- [http-nio-8080-exec-8] o.txf.myblogsprinboot.utils.UserUtils    : 用户工具类getUserType方法判断用户类型.
2026-09-30T13:12:42.112+08:00  INFO 688 --- [http-nio-8080-exec-9] o.t.m.interceptor.LoginInterceptor       : 进行登录拦截...
2026-09-30T13:12:42.115+08:00  INFO 688 --- [http-nio-8080-exec-9] o.t.m.interceptor.LoginInterceptor       : 登录拦截检查完毕，放行接口：/article/edit
2026-09-30T13:14:08.027+08:00  INFO 688 --- [SpringApplicationShutdownHook] com.zaxxer.hikari.HikariDataSource       : HikariPool-1 - Shutdown initiated...
2026-09-30T13:14:08.033+08:00  INFO 688 --- [SpringApplicationShutdownHook] com.zaxxer.hikari.HikariDataSource       : HikariPool-1 - Shutdown completed.
2026-09-30T13:21:12.907+08:00  INFO 25664 --- [main] o.t.m.MyblogSprinbootApplication         : Starting MyblogSprinbootApplication using Java 17.0.5 with PID 25664 (E:\myblog\myblog-sprinboot\target\classes started by txf in E:\myblog\myblog-sprinboot)
2026-09-30T13:21:12.910+08:00  INFO 25664 --- [main] o.t.m.MyblogSprinbootApplication         : No active profile set, falling back to 1 default profile: "default"
2026-09-30T13:21:13.566+08:00  INFO 25664 --- [main] o.s.b.w.embedded.tomcat.TomcatWebServer  : Tomcat initialized with port(s): 8080 (http)
2026-09-30T13:21:13.573+08:00  INFO 25664 --- [main] o.apache.catalina.core.StandardService   : Starting service [Tomcat]
2026-09-30T13:21:13.573+08:00  INFO 25664 --- [main] o.apache.catalina.core.StandardEngine    : Starting Servlet engine: [Apache Tomcat/10.1.5]
2026-09-30T13:21:13.645+08:00  INFO 25664 --- [main] o.a.c.c.C.[Tomcat].[localhost].[/]       : Initializing Spring embedded WebApplicationContext
2026-09-30T13:21:13.645+08:00  INFO 25664 --- [main] w.s.c.ServletWebServerApplicationContext : Root WebApplicationContext: initialization completed in 710 ms
2026-09-30T13:21:13.987+08:00  INFO 25664 --- [main] o.s.b.a.w.s.WelcomePageHandlerMapping    : Adding welcome page: class path resource [static/index.html]
2026-09-30T13:21:14.104+08:00  INFO 25664 --- [main] o.s.b.w.embedded.tomcat.TomcatWebServer  : Tomcat started on port(s): 8080 (http) with context path ''
2026-09-30T13:21:14.110+08:00  INFO 25664 --- [main] o.t.m.MyblogSprinbootApplication         : Started MyblogSprinbootApplication in 1.524 seconds (process running for 1.922)
2026-09-30T13:21:33.022+08:00  INFO 25664 --- [http-nio-8080-exec-1] o.a.c.c.C.[Tomcat].[localhost].[/]       : Initializing Spring DispatcherServlet 'dispatcherServlet'
2026-09-30T13:21:33.023+08:00  INFO 25664 --- [http-nio-8080-exec-1] o.s.web.servlet.DispatcherServlet        : Initializing Servlet 'dispatcherServlet'
2026-09-30T13:21:33.025+08:00  INFO 25664 --- [http-nio-8080-exec-1] o.s.web.servlet.DispatcherServlet        : Completed initialization in 2 ms
2026-09-30T13:21:33.058+08:00  WARN 25664 --- [http-nio-8080-exec-1] ocalVariableTableParameterNameDiscoverer : Using deprecated '-debug' fallback for parameter name resolution. Compile the affected code with '-parameters' instead or avoid its introspection: org.txf.myblogsprinboot.controller.ArticleController
2026-09-30T13:21:33.081+08:00  INFO 25664 --- [http-nio-8080-exec-1] com.zaxxer.hikari.HikariDataSource       : HikariPool-1 - Starting...
2026-09-30T13:21:33.236+08:00  INFO 25664 --- [http-nio-8080-exec-1] com.zaxxer.hikari.pool.HikariPool        : HikariPool-1 - Added connection com.mysql.cj.jdbc.ConnectionImpl@797d4267
2026-09-30T13:21:33.238+08:00  INFO 25664 --- [http-nio-8080-exec-1] com.zaxxer.hikari.HikariDataSource       : HikariPool-1 - Start completed.
2026-09-30T13:21:33.305+08:00  INFO 25664 --- [http-nio-8080-exec-1] o.txf.myblogsprinboot.utils.UserUtils    : 用户工具类getUserType方法判断用户类型.
2026-09-30T13:21:43.907+08:00  WARN 25664 --- [http-nio-8080-exec-3] ocalVariableTableParameterNameDiscoverer : Using deprecated '-debug' fallback for parameter name resolution. Compile the affected code with '-parameters' instead or avoid its introspection: org.txf.myblogsprinboot.controller.UserController
2026-09-30T13:21:43.908+08:00  INFO 25664 --- [http-nio-8080-exec-3] o.t.m.controller.UserController          : 用户登录.
2026-09-30T13:21:43.908+08:00  INFO 25664 --- [http-nio-8080-exec-3] o.t.m.controller.UserController          : 用户登录：校验参数成功.
2026-09-30T13:21:44.255+08:00  INFO 25664 --- [http-nio-8080-exec-3] o.t.m.controller.UserController          : 用户登录成功.
2026-09-30T13:21:46.332+08:00  INFO 25664 --- [http-nio-8080-exec-5] o.txf.myblogsprinboot.utils.UserUtils    : 用户工具类getUserType方法判断用户类型.
2026-09-30T13:21:50.805+08:00  INFO 25664 --- [http-nio-8080-exec-4] o.txf.myblogsprinboot.utils.UserUtils    : 用户工具类getUserType方法判断用户类型.
2026-09-30T13:21:52.869+08:00  INFO 25664 --- [http-nio-8080-exec-2] o.t.m.service.AssetService               : 资源公共id：3da17e94-195f-4906-b239-97351db47556
2026-09-30T13:21:55.658+08:00  INFO 25664 --- [http-nio-8080-exec-6] o.t.m.interceptor.LoginInterceptor       : 进行登录拦截...
2026-09-30T13:21:55.662+08:00  INFO 25664 --- [http-nio-8080-exec-6] o.t.m.interceptor.LoginInterceptor       : 登录拦截检查完毕，放行接口：/tag/list
2026-09-30T13:21:55.666+08:00  INFO 25664 --- [http-nio-8080-exec-6] o.t.myblogsprinboot.service.TagService   : 获取作者的标签列表，作者的名字为：frank
2026-09-30T13:21:55.690+08:00  INFO 25664 --- [http-nio-8080-exec-6] o.t.myblogsprinboot.service.TagService   : 作者的标签列表获取完成，标签列表为：
2026-09-30T13:21:55.691+08:00  INFO 25664 --- [http-nio-8080-exec-6] o.t.myblogsprinboot.service.TagService   : [TagVO(id=10, name=Git), TagVO(id=1, name=Java), TagVO(id=14, name=Markdown), TagVO(id=4, name=MyBatis), TagVO(id=12, name=MySQL), TagVO(id=6, name=Session), TagVO(id=2, name=Spring Boot), TagVO(id=8, name=Vue), TagVO(id=9, name=前后端联调), TagVO(id=16, name=博客), TagVO(id=3, name=后端开发), TagVO(id=15, name=学习复盘), TagVO(id=13, name=数据库设计), TagVO(id=11, name=版本管理), TagVO(id=17, name=生活记录), TagVO(id=7, name=登录认证), TagVO(id=5, name=问题排查)]
2026-09-30T13:21:57.759+08:00  INFO 25664 --- [http-nio-8080-exec-9] o.txf.myblogsprinboot.utils.UserUtils    : 用户工具类getUserType方法判断用户类型.
2026-09-30T13:22:17.943+08:00  INFO 25664 --- [http-nio-8080-exec-10] o.t.m.interceptor.LoginInterceptor       : 进行登录拦截...
2026-09-30T13:22:17.945+08:00  INFO 25664 --- [http-nio-8080-exec-10] o.t.m.interceptor.LoginInterceptor       : 登录拦截检查完毕，放行接口：/article/edit
2026-09-30T13:22:52.545+08:00  INFO 25664 --- [SpringApplicationShutdownHook] com.zaxxer.hikari.HikariDataSource       : HikariPool-1 - Shutdown initiated...
2026-09-30T13:22:52.550+08:00  INFO 25664 --- [SpringApplicationShutdownHook] com.zaxxer.hikari.HikariDataSource       : HikariPool-1 - Shutdown completed.
2026-09-30T13:22:56.472+08:00  INFO 12300 --- [main] o.t.m.MyblogSprinbootApplication         : Starting MyblogSprinbootApplication using Java 17.0.5 with PID 12300 (E:\myblog\myblog-sprinboot\target\classes started by txf in E:\myblog\myblog-sprinboot)
2026-09-30T13:22:56.473+08:00  INFO 12300 --- [main] o.t.m.MyblogSprinbootApplication         : No active profile set, falling back to 1 default profile: "default"
2026-09-30T13:22:57.105+08:00  INFO 12300 --- [main] o.s.b.w.embedded.tomcat.TomcatWebServer  : Tomcat initialized with port(s): 8080 (http)
2026-09-30T13:22:57.112+08:00  INFO 12300 --- [main] o.apache.catalina.core.StandardService   : Starting service [Tomcat]
2026-09-30T13:22:57.112+08:00  INFO 12300 --- [main] o.apache.catalina.core.StandardEngine    : Starting Servlet engine: [Apache Tomcat/10.1.5]
2026-09-30T13:22:57.181+08:00  INFO 12300 --- [main] o.a.c.c.C.[Tomcat].[localhost].[/]       : Initializing Spring embedded WebApplicationContext
2026-09-30T13:22:57.181+08:00  INFO 12300 --- [main] w.s.c.ServletWebServerApplicationContext : Root WebApplicationContext: initialization completed in 679 ms
2026-09-30T13:22:57.520+08:00  INFO 12300 --- [main] o.s.b.a.w.s.WelcomePageHandlerMapping    : Adding welcome page: class path resource [static/index.html]
2026-09-30T13:22:57.634+08:00  INFO 12300 --- [main] o.s.b.w.embedded.tomcat.TomcatWebServer  : Tomcat started on port(s): 8080 (http) with context path ''
2026-09-30T13:22:57.640+08:00  INFO 12300 --- [main] o.t.m.MyblogSprinbootApplication         : Started MyblogSprinbootApplication in 1.489 seconds (process running for 1.901)
2026-09-30T13:23:05.467+08:00  INFO 12300 --- [http-nio-8080-exec-2] o.a.c.c.C.[Tomcat].[localhost].[/]       : Initializing Spring DispatcherServlet 'dispatcherServlet'
2026-09-30T13:23:05.468+08:00  INFO 12300 --- [http-nio-8080-exec-2] o.s.web.servlet.DispatcherServlet        : Initializing Servlet 'dispatcherServlet'
2026-09-30T13:23:05.469+08:00  INFO 12300 --- [http-nio-8080-exec-2] o.s.web.servlet.DispatcherServlet        : Completed initialization in 1 ms
2026-09-30T13:23:05.483+08:00  INFO 12300 --- [http-nio-8080-exec-1] o.t.m.interceptor.LoginInterceptor       : 进行登录拦截...
2026-09-30T13:23:05.500+08:00  INFO 12300 --- [http-nio-8080-exec-2] com.zaxxer.hikari.HikariDataSource       : HikariPool-1 - Starting...
2026-09-30T13:23:05.541+08:00  INFO 12300 --- [http-nio-8080-exec-1] o.t.m.interceptor.LoginInterceptor       : 登录拦截检查完毕，放行接口：/tag/list
2026-09-30T13:23:05.546+08:00  INFO 12300 --- [http-nio-8080-exec-1] o.t.myblogsprinboot.service.TagService   : 获取作者的标签列表，作者的名字为：frank
2026-09-30T13:23:05.638+08:00  INFO 12300 --- [http-nio-8080-exec-2] com.zaxxer.hikari.pool.HikariPool        : HikariPool-1 - Added connection com.mysql.cj.jdbc.ConnectionImpl@25d5729f
2026-09-30T13:23:05.639+08:00  INFO 12300 --- [http-nio-8080-exec-2] com.zaxxer.hikari.HikariDataSource       : HikariPool-1 - Start completed.
2026-09-30T13:23:05.727+08:00  INFO 12300 --- [http-nio-8080-exec-1] o.t.myblogsprinboot.service.TagService   : 作者的标签列表获取完成，标签列表为：
2026-09-30T13:23:05.728+08:00  INFO 12300 --- [http-nio-8080-exec-1] o.t.myblogsprinboot.service.TagService   : [TagVO(id=10, name=Git), TagVO(id=1, name=Java), TagVO(id=14, name=Markdown), TagVO(id=4, name=MyBatis), TagVO(id=12, name=MySQL), TagVO(id=6, name=Session), TagVO(id=2, name=Spring Boot), TagVO(id=8, name=Vue), TagVO(id=9, name=前后端联调), TagVO(id=16, name=博客), TagVO(id=3, name=后端开发), TagVO(id=15, name=学习复盘), TagVO(id=13, name=数据库设计), TagVO(id=11, name=版本管理), TagVO(id=17, name=生活记录), TagVO(id=7, name=登录认证), TagVO(id=5, name=问题排查)]
2026-09-30T13:23:05.774+08:00  INFO 12300 --- [http-nio-8080-exec-3] o.txf.myblogsprinboot.utils.UserUtils    : 用户工具类getUserType方法判断用户类型.
2026-09-30T13:23:38.779+08:00  INFO 12300 --- [http-nio-8080-exec-4] o.t.m.interceptor.LoginInterceptor       : 进行登录拦截...
2026-09-30T13:23:38.783+08:00  INFO 12300 --- [http-nio-8080-exec-4] o.t.m.interceptor.LoginInterceptor       : 登录拦截检查完毕，放行接口：/tag/add
2026-09-30T13:23:38.789+08:00  WARN 12300 --- [http-nio-8080-exec-4] ocalVariableTableParameterNameDiscoverer : Using deprecated '-debug' fallback for parameter name resolution. Compile the affected code with '-parameters' instead or avoid its introspection: org.txf.myblogsprinboot.controller.TagController
2026-09-30T13:23:38.789+08:00  INFO 12300 --- [http-nio-8080-exec-4] o.t.m.controller.TagController           : 添加标签.
2026-09-30T13:23:57.446+08:00  INFO 12300 --- [http-nio-8080-exec-6] o.t.m.interceptor.LoginInterceptor       : 进行登录拦截...
2026-09-30T13:23:57.448+08:00  INFO 12300 --- [http-nio-8080-exec-6] o.t.m.interceptor.LoginInterceptor       : 登录拦截检查完毕，放行接口：/article/edit
2026-09-30T13:25:32.390+08:00  INFO 12300 --- [http-nio-8080-exec-7] o.t.m.interceptor.LoginInterceptor       : 进行登录拦截...
2026-09-30T13:25:32.391+08:00  INFO 12300 --- [http-nio-8080-exec-7] o.t.m.interceptor.LoginInterceptor       : 登录拦截检查完毕，放行接口：/article/edit
2026-09-30T13:25:34.987+08:00  INFO 12300 --- [SpringApplicationShutdownHook] com.zaxxer.hikari.HikariDataSource       : HikariPool-1 - Shutdown initiated...
2026-09-30T13:25:34.993+08:00  INFO 12300 --- [SpringApplicationShutdownHook] com.zaxxer.hikari.HikariDataSource       : HikariPool-1 - Shutdown completed.
2026-09-30T13:25:39.967+08:00  INFO 6272 --- [main] o.t.m.MyblogSprinbootApplication         : Starting MyblogSprinbootApplication using Java 17.0.5 with PID 6272 (E:\myblog\myblog-sprinboot\target\classes started by txf in E:\myblog\myblog-sprinboot)
2026-09-30T13:25:39.969+08:00  INFO 6272 --- [main] o.t.m.MyblogSprinbootApplication         : No active profile set, falling back to 1 default profile: "default"
2026-09-30T13:25:40.705+08:00  INFO 6272 --- [main] o.s.b.w.embedded.tomcat.TomcatWebServer  : Tomcat initialized with port(s): 8080 (http)
2026-09-30T13:25:40.713+08:00  INFO 6272 --- [main] o.apache.catalina.core.StandardService   : Starting service [Tomcat]
2026-09-30T13:25:40.713+08:00  INFO 6272 --- [main] o.apache.catalina.core.StandardEngine    : Starting Servlet engine: [Apache Tomcat/10.1.5]
2026-09-30T13:25:40.788+08:00  INFO 6272 --- [main] o.a.c.c.C.[Tomcat].[localhost].[/]       : Initializing Spring embedded WebApplicationContext
2026-09-30T13:25:40.788+08:00  INFO 6272 --- [main] w.s.c.ServletWebServerApplicationContext : Root WebApplicationContext: initialization completed in 784 ms
2026-09-30T13:25:41.125+08:00  INFO 6272 --- [main] o.s.b.a.w.s.WelcomePageHandlerMapping    : Adding welcome page: class path resource [static/index.html]
2026-09-30T13:25:41.240+08:00  INFO 6272 --- [main] o.s.b.w.embedded.tomcat.TomcatWebServer  : Tomcat started on port(s): 8080 (http) with context path ''
2026-09-30T13:25:41.247+08:00  INFO 6272 --- [main] o.t.m.MyblogSprinbootApplication         : Started MyblogSprinbootApplication in 1.675 seconds (process running for 2.305)
2026-09-30T13:25:46.298+08:00  INFO 6272 --- [http-nio-8080-exec-1] o.a.c.c.C.[Tomcat].[localhost].[/]       : Initializing Spring DispatcherServlet 'dispatcherServlet'
2026-09-30T13:25:46.298+08:00  INFO 6272 --- [http-nio-8080-exec-1] o.s.web.servlet.DispatcherServlet        : Initializing Servlet 'dispatcherServlet'
2026-09-30T13:25:46.299+08:00  INFO 6272 --- [http-nio-8080-exec-1] o.s.web.servlet.DispatcherServlet        : Completed initialization in 1 ms
2026-09-30T13:25:46.310+08:00  INFO 6272 --- [http-nio-8080-exec-1] o.t.m.interceptor.LoginInterceptor       : 进行登录拦截...
2026-09-30T13:25:46.352+08:00  INFO 6272 --- [http-nio-8080-exec-1] o.t.m.interceptor.LoginInterceptor       : 登录拦截检查完毕，放行接口：/article/edit
2026-09-30T13:25:46.395+08:00  INFO 6272 --- [http-nio-8080-exec-1] com.zaxxer.hikari.HikariDataSource       : HikariPool-1 - Starting...
2026-09-30T13:25:46.487+08:00  INFO 6272 --- [http-nio-8080-exec-1] com.zaxxer.hikari.pool.HikariPool        : HikariPool-1 - Added connection com.mysql.cj.jdbc.ConnectionImpl@6eedb37
2026-09-30T13:25:46.489+08:00  INFO 6272 --- [http-nio-8080-exec-1] com.zaxxer.hikari.HikariDataSource       : HikariPool-1 - Start completed.
2026-09-30T13:27:34.460+08:00  INFO 6272 --- [SpringApplicationShutdownHook] com.zaxxer.hikari.HikariDataSource       : HikariPool-1 - Shutdown initiated...
2026-09-30T13:27:34.467+08:00  INFO 6272 --- [SpringApplicationShutdownHook] com.zaxxer.hikari.HikariDataSource       : HikariPool-1 - Shutdown completed.
2026-09-30T13:27:38.228+08:00  INFO 22392 --- [main] o.t.m.MyblogSprinbootApplication         : Starting MyblogSprinbootApplication using Java 17.0.5 with PID 22392 (E:\myblog\myblog-sprinboot\target\classes started by txf in E:\myblog\myblog-sprinboot)
2026-09-30T13:27:38.230+08:00  INFO 22392 --- [main] o.t.m.MyblogSprinbootApplication         : No active profile set, falling back to 1 default profile: "default"
2026-09-30T13:27:38.866+08:00  INFO 22392 --- [main] o.s.b.w.embedded.tomcat.TomcatWebServer  : Tomcat initialized with port(s): 8080 (http)
2026-09-30T13:27:38.873+08:00  INFO 22392 --- [main] o.apache.catalina.core.StandardService   : Starting service [Tomcat]
2026-09-30T13:27:38.874+08:00  INFO 22392 --- [main] o.apache.catalina.core.StandardEngine    : Starting Servlet engine: [Apache Tomcat/10.1.5]
2026-09-30T13:27:38.952+08:00  INFO 22392 --- [main] o.a.c.c.C.[Tomcat].[localhost].[/]       : Initializing Spring embedded WebApplicationContext
2026-09-30T13:27:38.952+08:00  INFO 22392 --- [main] w.s.c.ServletWebServerApplicationContext : Root WebApplicationContext: initialization completed in 696 ms
2026-09-30T13:27:39.278+08:00  INFO 22392 --- [main] o.s.b.a.w.s.WelcomePageHandlerMapping    : Adding welcome page: class path resource [static/index.html]
2026-09-30T13:27:39.389+08:00  INFO 22392 --- [main] o.s.b.w.embedded.tomcat.TomcatWebServer  : Tomcat started on port(s): 8080 (http) with context path ''
2026-09-30T13:27:39.395+08:00  INFO 22392 --- [main] o.t.m.MyblogSprinbootApplication         : Started MyblogSprinbootApplication in 1.493 seconds (process running for 1.898)
2026-09-30T13:27:50.997+08:00  INFO 22392 --- [http-nio-8080-exec-1] o.a.c.c.C.[Tomcat].[localhost].[/]       : Initializing Spring DispatcherServlet 'dispatcherServlet'
2026-09-30T13:27:50.997+08:00  INFO 22392 --- [http-nio-8080-exec-1] o.s.web.servlet.DispatcherServlet        : Initializing Servlet 'dispatcherServlet'
2026-09-30T13:27:50.998+08:00  INFO 22392 --- [http-nio-8080-exec-1] o.s.web.servlet.DispatcherServlet        : Completed initialization in 1 ms
2026-09-30T13:27:51.014+08:00  WARN 22392 --- [http-nio-8080-exec-1] ocalVariableTableParameterNameDiscoverer : Using deprecated '-debug' fallback for parameter name resolution. Compile the affected code with '-parameters' instead or avoid its introspection: org.txf.myblogsprinboot.controller.UserController
2026-09-30T13:27:51.017+08:00  INFO 22392 --- [http-nio-8080-exec-1] o.t.m.controller.UserController          : 用户登录.
2026-09-30T13:27:51.017+08:00  INFO 22392 --- [http-nio-8080-exec-1] o.t.m.controller.UserController          : 用户登录：校验参数成功.
2026-09-30T13:27:51.028+08:00  INFO 22392 --- [http-nio-8080-exec-1] com.zaxxer.hikari.HikariDataSource       : HikariPool-1 - Starting...
2026-09-30T13:27:51.156+08:00  INFO 22392 --- [http-nio-8080-exec-1] com.zaxxer.hikari.pool.HikariPool        : HikariPool-1 - Added connection com.mysql.cj.jdbc.ConnectionImpl@57c778b5
2026-09-30T13:27:51.158+08:00  INFO 22392 --- [http-nio-8080-exec-1] com.zaxxer.hikari.HikariDataSource       : HikariPool-1 - Start completed.
2026-09-30T13:27:51.582+08:00  INFO 22392 --- [http-nio-8080-exec-1] o.t.m.controller.UserController          : 用户登录成功.
2026-09-30T13:27:53.645+08:00  INFO 22392 --- [http-nio-8080-exec-2] o.t.m.interceptor.LoginInterceptor       : 进行登录拦截...
2026-09-30T13:27:53.681+08:00  INFO 22392 --- [http-nio-8080-exec-2] o.t.m.interceptor.LoginInterceptor       : 登录拦截检查完毕，放行接口：/tag/list
2026-09-30T13:27:53.683+08:00  INFO 22392 --- [http-nio-8080-exec-2] o.t.myblogsprinboot.service.TagService   : 获取作者的标签列表，作者的名字为：frank
2026-09-30T13:27:53.722+08:00  INFO 22392 --- [http-nio-8080-exec-2] o.t.myblogsprinboot.service.TagService   : 作者的标签列表获取完成，标签列表为：
2026-09-30T13:27:53.722+08:00  INFO 22392 --- [http-nio-8080-exec-2] o.t.myblogsprinboot.service.TagService   : [TagVO(id=10, name=Git), TagVO(id=1, name=Java), TagVO(id=14, name=Markdown), TagVO(id=4, name=MyBatis), TagVO(id=12, name=MySQL), TagVO(id=6, name=Session), TagVO(id=2, name=Spring Boot), TagVO(id=8, name=Vue), TagVO(id=9, name=前后端联调), TagVO(id=16, name=博客), TagVO(id=3, name=后端开发), TagVO(id=15, name=学习复盘), TagVO(id=13, name=数据库设计), TagVO(id=11, name=版本管理), TagVO(id=17, name=生活记录), TagVO(id=7, name=登录认证), TagVO(id=5, name=问题排查)]
2026-09-30T13:27:55.820+08:00  INFO 22392 --- [http-nio-8080-exec-3] o.txf.myblogsprinboot.utils.UserUtils    : 用户工具类getUserType方法判断用户类型.
2026-09-30T13:28:00.685+08:00  INFO 22392 --- [http-nio-8080-exec-5] o.t.m.interceptor.LoginInterceptor       : 进行登录拦截...
2026-09-30T13:28:00.687+08:00  INFO 22392 --- [http-nio-8080-exec-5] o.t.m.interceptor.LoginInterceptor       : 登录拦截检查完毕，放行接口：/article/edit
2026-09-30T13:28:02.832+08:00  INFO 22392 --- [http-nio-8080-exec-7] o.txf.myblogsprinboot.utils.UserUtils    : 用户工具类getUserType方法判断用户类型.
2026-09-30T13:28:09.685+08:00  WARN 22392 --- [http-nio-8080-exec-6] ocalVariableTableParameterNameDiscoverer : Using deprecated '-debug' fallback for parameter name resolution. Compile the affected code with '-parameters' instead or avoid its introspection: org.txf.myblogsprinboot.controller.ArticleController
2026-09-30T13:28:09.688+08:00  INFO 22392 --- [http-nio-8080-exec-6] o.txf.myblogsprinboot.utils.UserUtils    : 用户工具类getUserType方法判断用户类型.
2026-09-30T13:28:13.103+08:00  INFO 22392 --- [http-nio-8080-exec-8] o.txf.myblogsprinboot.utils.UserUtils    : 用户工具类getUserType方法判断用户类型.
2026-09-30T13:28:25.916+08:00  INFO 22392 --- [http-nio-8080-exec-9] o.txf.myblogsprinboot.utils.UserUtils    : 用户工具类getUserType方法判断用户类型.
2026-09-30T13:29:55.822+08:00  INFO 22392 --- [SpringApplicationShutdownHook] com.zaxxer.hikari.HikariDataSource       : HikariPool-1 - Shutdown initiated...
2026-09-30T13:29:55.826+08:00  INFO 22392 --- [SpringApplicationShutdownHook] com.zaxxer.hikari.HikariDataSource       : HikariPool-1 - Shutdown completed.
2026-09-30T13:31:22.326+08:00  INFO 13960 --- [main] o.t.m.MyblogSprinbootApplication         : Starting MyblogSprinbootApplication using Java 17.0.5 with PID 13960 (E:\myblog\myblog-sprinboot\target\classes started by txf in E:\myblog\myblog-sprinboot)
2026-09-30T13:31:22.328+08:00  INFO 13960 --- [main] o.t.m.MyblogSprinbootApplication         : No active profile set, falling back to 1 default profile: "default"
2026-09-30T13:31:23.004+08:00  INFO 13960 --- [main] o.s.b.w.embedded.tomcat.TomcatWebServer  : Tomcat initialized with port(s): 8080 (http)
2026-09-30T13:31:23.011+08:00  INFO 13960 --- [main] o.apache.catalina.core.StandardService   : Starting service [Tomcat]
2026-09-30T13:31:23.011+08:00  INFO 13960 --- [main] o.apache.catalina.core.StandardEngine    : Starting Servlet engine: [Apache Tomcat/10.1.5]
2026-09-30T13:31:23.088+08:00  INFO 13960 --- [main] o.a.c.c.C.[Tomcat].[localhost].[/]       : Initializing Spring embedded WebApplicationContext
2026-09-30T13:31:23.088+08:00  INFO 13960 --- [main] w.s.c.ServletWebServerApplicationContext : Root WebApplicationContext: initialization completed in 730 ms
2026-09-30T13:31:23.420+08:00  INFO 13960 --- [main] o.s.b.a.w.s.WelcomePageHandlerMapping    : Adding welcome page: class path resource [static/index.html]
2026-09-30T13:31:23.535+08:00  INFO 13960 --- [main] o.s.b.w.embedded.tomcat.TomcatWebServer  : Tomcat started on port(s): 8080 (http) with context path ''
2026-09-30T13:31:23.541+08:00  INFO 13960 --- [main] o.t.m.MyblogSprinbootApplication         : Started MyblogSprinbootApplication in 1.569 seconds (process running for 2.013)
2026-09-30T13:31:33.188+08:00  INFO 13960 --- [http-nio-8080-exec-1] o.a.c.c.C.[Tomcat].[localhost].[/]       : Initializing Spring DispatcherServlet 'dispatcherServlet'
2026-09-30T13:31:33.189+08:00  INFO 13960 --- [http-nio-8080-exec-1] o.s.web.servlet.DispatcherServlet        : Initializing Servlet 'dispatcherServlet'
2026-09-30T13:31:33.190+08:00  INFO 13960 --- [http-nio-8080-exec-1] o.s.web.servlet.DispatcherServlet        : Completed initialization in 1 ms
2026-09-30T13:31:33.214+08:00  WARN 13960 --- [http-nio-8080-exec-1] ocalVariableTableParameterNameDiscoverer : Using deprecated '-debug' fallback for parameter name resolution. Compile the affected code with '-parameters' instead or avoid its introspection: org.txf.myblogsprinboot.controller.ArticleController
2026-09-30T13:31:33.233+08:00  INFO 13960 --- [http-nio-8080-exec-1] com.zaxxer.hikari.HikariDataSource       : HikariPool-1 - Starting...
2026-09-30T13:31:33.365+08:00  INFO 13960 --- [http-nio-8080-exec-1] com.zaxxer.hikari.pool.HikariPool        : HikariPool-1 - Added connection com.mysql.cj.jdbc.ConnectionImpl@135c6d55
2026-09-30T13:31:33.367+08:00  INFO 13960 --- [http-nio-8080-exec-1] com.zaxxer.hikari.HikariDataSource       : HikariPool-1 - Start completed.
2026-09-30T13:31:33.430+08:00  INFO 13960 --- [http-nio-8080-exec-1] o.txf.myblogsprinboot.utils.UserUtils    : 用户工具类getUserType方法判断用户类型.
2026-09-30T13:32:09.461+08:00  INFO 13960 --- [http-nio-8080-exec-3] o.t.m.interceptor.LoginInterceptor       : 进行登录拦截...
2026-09-30T13:32:09.464+08:00  INFO 13960 --- [http-nio-8080-exec-3] o.t.m.interceptor.LoginInterceptor       : 登录拦截检查完毕，放行接口：/tag/list
2026-09-30T13:32:09.466+08:00  INFO 13960 --- [http-nio-8080-exec-3] o.t.myblogsprinboot.service.TagService   : 获取作者的标签列表，作者的名字为：frank
2026-09-30T13:34:22.059+08:00  INFO 13960 --- [SpringApplicationShutdownHook] com.zaxxer.hikari.HikariDataSource       : HikariPool-1 - Shutdown initiated...
2026-09-30T13:34:22.064+08:00  INFO 13960 --- [SpringApplicationShutdownHook] com.zaxxer.hikari.HikariDataSource       : HikariPool-1 - Shutdown completed.
2026-09-30T13:34:25.494+08:00  INFO 24960 --- [main] o.t.m.MyblogSprinbootApplication         : Starting MyblogSprinbootApplication using Java 17.0.5 with PID 24960 (E:\myblog\myblog-sprinboot\target\classes started by txf in E:\myblog\myblog-sprinboot)
2026-09-30T13:34:25.496+08:00  INFO 24960 --- [main] o.t.m.MyblogSprinbootApplication         : No active profile set, falling back to 1 default profile: "default"
2026-09-30T13:34:26.158+08:00  INFO 24960 --- [main] o.s.b.w.embedded.tomcat.TomcatWebServer  : Tomcat initialized with port(s): 8080 (http)
2026-09-30T13:34:26.165+08:00  INFO 24960 --- [main] o.apache.catalina.core.StandardService   : Starting service [Tomcat]
2026-09-30T13:34:26.165+08:00  INFO 24960 --- [main] o.apache.catalina.core.StandardEngine    : Starting Servlet engine: [Apache Tomcat/10.1.5]
2026-09-30T13:34:26.238+08:00  INFO 24960 --- [main] o.a.c.c.C.[Tomcat].[localhost].[/]       : Initializing Spring embedded WebApplicationContext
2026-09-30T13:34:26.238+08:00  INFO 24960 --- [main] w.s.c.ServletWebServerApplicationContext : Root WebApplicationContext: initialization completed in 709 ms
2026-09-30T13:34:26.575+08:00  INFO 24960 --- [main] o.s.b.a.w.s.WelcomePageHandlerMapping    : Adding welcome page: class path resource [static/index.html]
2026-09-30T13:34:26.686+08:00  INFO 24960 --- [main] o.s.b.w.embedded.tomcat.TomcatWebServer  : Tomcat started on port(s): 8080 (http) with context path ''
2026-09-30T13:34:26.693+08:00  INFO 24960 --- [main] o.t.m.MyblogSprinbootApplication         : Started MyblogSprinbootApplication in 1.577 seconds (process running for 1.974)
2026-09-30T13:34:37.224+08:00  INFO 24960 --- [http-nio-8080-exec-1] o.a.c.c.C.[Tomcat].[localhost].[/]       : Initializing Spring DispatcherServlet 'dispatcherServlet'
2026-09-30T13:34:37.225+08:00  INFO 24960 --- [http-nio-8080-exec-1] o.s.web.servlet.DispatcherServlet        : Initializing Servlet 'dispatcherServlet'
2026-09-30T13:34:37.225+08:00  INFO 24960 --- [http-nio-8080-exec-1] o.s.web.servlet.DispatcherServlet        : Completed initialization in 0 ms
2026-09-30T13:34:37.242+08:00  WARN 24960 --- [http-nio-8080-exec-1] ocalVariableTableParameterNameDiscoverer : Using deprecated '-debug' fallback for parameter name resolution. Compile the affected code with '-parameters' instead or avoid its introspection: org.txf.myblogsprinboot.controller.UserController
2026-09-30T13:34:37.245+08:00  INFO 24960 --- [http-nio-8080-exec-1] o.t.m.controller.UserController          : 用户登录.
2026-09-30T13:34:37.245+08:00  INFO 24960 --- [http-nio-8080-exec-1] o.t.m.controller.UserController          : 用户登录：校验参数成功.
2026-09-30T13:34:37.255+08:00  INFO 24960 --- [http-nio-8080-exec-1] com.zaxxer.hikari.HikariDataSource       : HikariPool-1 - Starting...
2026-09-30T13:34:37.352+08:00  INFO 24960 --- [http-nio-8080-exec-1] com.zaxxer.hikari.pool.HikariPool        : HikariPool-1 - Added connection com.mysql.cj.jdbc.ConnectionImpl@74a988fc
2026-09-30T13:34:37.354+08:00  INFO 24960 --- [http-nio-8080-exec-1] com.zaxxer.hikari.HikariDataSource       : HikariPool-1 - Start completed.
2026-09-30T13:34:37.707+08:00  INFO 24960 --- [http-nio-8080-exec-1] o.t.m.controller.UserController          : 用户登录成功.
2026-09-30T13:34:39.784+08:00  INFO 24960 --- [http-nio-8080-exec-2] o.t.m.interceptor.LoginInterceptor       : 进行登录拦截...
2026-09-30T13:34:39.806+08:00  INFO 24960 --- [http-nio-8080-exec-2] o.t.m.interceptor.LoginInterceptor       : 登录拦截检查完毕，放行接口：/tag/list
2026-09-30T13:34:39.808+08:00  INFO 24960 --- [http-nio-8080-exec-2] o.t.myblogsprinboot.service.TagService   : 获取作者的标签列表，作者的名字为：frank
2026-09-30T13:34:45.299+08:00  WARN 24960 --- [http-nio-8080-exec-8] ocalVariableTableParameterNameDiscoverer : Using deprecated '-debug' fallback for parameter name resolution. Compile the affected code with '-parameters' instead or avoid its introspection: org.txf.myblogsprinboot.controller.ArticleController
2026-09-30T13:34:45.303+08:00  INFO 24960 --- [http-nio-8080-exec-8] o.txf.myblogsprinboot.utils.UserUtils    : 用户工具类getUserType方法判断用户类型.
2026-09-30T13:35:10.245+08:00  INFO 24960 --- [http-nio-8080-exec-6] o.t.m.interceptor.LoginInterceptor       : 进行登录拦截...
2026-09-30T13:35:10.247+08:00  INFO 24960 --- [http-nio-8080-exec-6] o.t.m.interceptor.LoginInterceptor       : 登录拦截检查完毕，放行接口：/tag/list
2026-09-30T13:35:10.248+08:00  INFO 24960 --- [http-nio-8080-exec-6] o.t.myblogsprinboot.service.TagService   : 获取作者的标签列表，作者的名字为：frank
2026-09-30T13:35:19.231+08:00  INFO 24960 --- [http-nio-8080-exec-4] o.txf.myblogsprinboot.utils.UserUtils    : 用户工具类getUserType方法判断用户类型.
2026-09-30T13:35:24.986+08:00  INFO 24960 --- [http-nio-8080-exec-9] o.t.m.interceptor.LoginInterceptor       : 进行登录拦截...
2026-09-30T13:35:24.988+08:00  INFO 24960 --- [http-nio-8080-exec-9] o.t.m.interceptor.LoginInterceptor       : 登录拦截检查完毕，放行接口：/tag/list
2026-09-30T13:35:24.989+08:00  INFO 24960 --- [http-nio-8080-exec-9] o.t.myblogsprinboot.service.TagService   : 获取作者的标签列表，作者的名字为：frank
2026-09-30T13:35:38.768+08:00  INFO 24960 --- [http-nio-8080-exec-10] o.t.m.interceptor.LoginInterceptor       : 进行登录拦截...
2026-09-30T13:35:38.770+08:00  INFO 24960 --- [http-nio-8080-exec-10] o.t.m.interceptor.LoginInterceptor       : 登录拦截检查完毕，放行接口：/tag/add
2026-09-30T13:35:38.770+08:00  WARN 24960 --- [http-nio-8080-exec-10] ocalVariableTableParameterNameDiscoverer : Using deprecated '-debug' fallback for parameter name resolution. Compile the affected code with '-parameters' instead or avoid its introspection: org.txf.myblogsprinboot.controller.TagController
2026-09-30T13:35:38.771+08:00  INFO 24960 --- [http-nio-8080-exec-10] o.t.m.controller.TagController           : 添加标签.
2026-09-30T13:35:56.959+08:00  INFO 24960 --- [http-nio-8080-exec-1] o.t.m.interceptor.LoginInterceptor       : 进行登录拦截...
2026-09-30T13:35:56.961+08:00  INFO 24960 --- [http-nio-8080-exec-1] o.t.m.interceptor.LoginInterceptor       : 登录拦截检查完毕，放行接口：/article/create
2026-09-30T13:35:56.990+08:00  INFO 24960 --- [http-nio-8080-exec-1] o.t.m.controller.ArticleController       : ArticleCreateDTO(title=测试发布文章, categoryId=1, tagIds=[26], visibility=PUBLIC, contentMarkdown=## 今天，学到了一点新东西

在这里记录你的学习过程。

### 值得记住的地方

- 理解概念
- 动手验证
- 记录总结

> 慢慢积累，每一篇都算数。

```java
System.out.println("Hello, my blog!");
```, assetIds=[])
2026-09-30T13:35:57.019+08:00  INFO 24960 --- [http-nio-8080-exec-1] o.t.m.controller.ArticleController       : Article created:Article(id=null, authorId=1, categoryId=1, slug=null, title=测试发布文章, summary=今天，学到了一点新东西
在这里记录你的学习过程。
值得记住的地方
- 理解概念
- 动手验证
- 记录总结
«慢慢积累，每一篇都算数。»
System.out.println("Hello, my blog!");, contentMarkdown=## 今天，学到了一点新东西

在这里记录你的学习过程。

### 值得记住的地方

- 理解概念
- 动手验证
- 记录总结

> 慢慢积累，每一篇都算数。

```java
System.out.println("Hello, my blog!");
```, visibility=PUBLIC, status=PUBLISHED, wordCount=95, readingMinutes=95, publishedAt=2026-09-30T13:35:57.019179, rowVersion=0, deletedAt=null, createdAt=null, updatedAt=2026-09-30T13:35:57.019179)
2026-09-30T13:35:59.149+08:00  INFO 24960 --- [http-nio-8080-exec-3] o.txf.myblogsprinboot.utils.UserUtils    : 用户工具类getUserType方法判断用户类型.
2026-09-30T13:36:03.673+08:00  INFO 24960 --- [http-nio-8080-exec-8] o.t.m.interceptor.LoginInterceptor       : 进行登录拦截...
2026-09-30T13:36:03.676+08:00  INFO 24960 --- [http-nio-8080-exec-8] o.t.m.interceptor.LoginInterceptor       : 登录拦截检查完毕，放行接口：/tag/list
2026-09-30T13:36:03.678+08:00  INFO 24960 --- [http-nio-8080-exec-8] o.t.myblogsprinboot.service.TagService   : 获取作者的标签列表，作者的名字为：frank
2026-09-30T13:36:05.767+08:00  INFO 24960 --- [http-nio-8080-exec-5] o.txf.myblogsprinboot.utils.UserUtils    : 用户工具类getUserType方法判断用户类型.
2026-09-30T13:36:12.615+08:00  INFO 24960 --- [http-nio-8080-exec-6] o.t.m.interceptor.LoginInterceptor       : 进行登录拦截...
2026-09-30T13:36:12.617+08:00  INFO 24960 --- [http-nio-8080-exec-6] o.t.m.interceptor.LoginInterceptor       : 登录拦截检查完毕，放行接口：/article/edit
2026-09-30T13:36:14.685+08:00  INFO 24960 --- [http-nio-8080-exec-4] o.txf.myblogsprinboot.utils.UserUtils    : 用户工具类getUserType方法判断用户类型.
2026-09-30T13:36:18.086+08:00  INFO 24960 --- [http-nio-8080-exec-7] o.txf.myblogsprinboot.utils.UserUtils    : 用户工具类getUserType方法判断用户类型.
2026-09-30T13:36:27.114+08:00  INFO 24960 --- [http-nio-8080-exec-9] o.txf.myblogsprinboot.utils.UserUtils    : 用户工具类getUserType方法判断用户类型.
2026-09-30T13:36:30.000+08:00  INFO 24960 --- [http-nio-8080-exec-10] o.txf.myblogsprinboot.utils.UserUtils    : 用户工具类getUserType方法判断用户类型.
2026-09-30T13:39:40.796+08:00  INFO 24960 --- [SpringApplicationShutdownHook] com.zaxxer.hikari.HikariDataSource       : HikariPool-1 - Shutdown initiated...
2026-09-30T13:39:40.801+08:00  INFO 24960 --- [SpringApplicationShutdownHook] com.zaxxer.hikari.HikariDataSource       : HikariPool-1 - Shutdown completed.
2026-09-30T13:56:59.110+08:00  INFO 12440 --- [main] o.t.m.dao.ArticleMapperTest              : Starting ArticleMapperTest using Java 17.0.5 with PID 12440 (started by txf in E:\myblog\myblog-sprinboot)
2026-09-30T13:56:59.111+08:00  INFO 12440 --- [main] o.t.m.dao.ArticleMapperTest              : No active profile set, falling back to 1 default profile: "default"
2026-09-30T13:57:00.355+08:00  INFO 12440 --- [main] o.s.b.a.w.s.WelcomePageHandlerMapping    : Adding welcome page: class path resource [static/index.html]
2026-09-30T13:57:00.503+08:00  INFO 12440 --- [main] o.t.m.dao.ArticleMapperTest              : Started ArticleMapperTest in 1.642 seconds (process running for 2.501)
2026-09-30T13:57:00.527+08:00  INFO 12440 --- [main] com.zaxxer.hikari.HikariDataSource       : HikariPool-1 - Starting...
2026-09-30T13:57:00.683+08:00  INFO 12440 --- [main] com.zaxxer.hikari.pool.HikariPool        : HikariPool-1 - Added connection com.mysql.cj.jdbc.ConnectionImpl@3002e397
2026-09-30T13:57:00.686+08:00  INFO 12440 --- [main] com.zaxxer.hikari.HikariDataSource       : HikariPool-1 - Start completed.
2026-09-30T13:57:01.121+08:00  INFO 12440 --- [SpringApplicationShutdownHook] com.zaxxer.hikari.HikariDataSource       : HikariPool-1 - Shutdown initiated...
2026-09-30T13:57:01.129+08:00  INFO 12440 --- [SpringApplicationShutdownHook] com.zaxxer.hikari.HikariDataSource       : HikariPool-1 - Shutdown completed.
2026-09-30T14:16:45.455+08:00  INFO 13292 --- [main] o.t.m.dao.ArticleMapperTest              : Starting ArticleMapperTest using Java 17.0.5 with PID 13292 (started by txf in E:\myblog\myblog-sprinboot)
2026-09-30T14:16:45.458+08:00  INFO 13292 --- [main] o.t.m.dao.ArticleMapperTest              : No active profile set, falling back to 1 default profile: "default"
2026-09-30T14:16:47.378+08:00  INFO 13292 --- [main] o.s.b.a.w.s.WelcomePageHandlerMapping    : Adding welcome page: class path resource [static/index.html]
2026-09-30T14:16:47.523+08:00  INFO 13292 --- [main] o.t.m.dao.ArticleMapperTest              : Started ArticleMapperTest in 2.375 seconds (process running for 3.285)
2026-09-30T14:16:47.545+08:00  INFO 13292 --- [main] com.zaxxer.hikari.HikariDataSource       : HikariPool-1 - Starting...
2026-09-30T14:16:47.677+08:00  INFO 13292 --- [main] com.zaxxer.hikari.pool.HikariPool        : HikariPool-1 - Added connection com.mysql.cj.jdbc.ConnectionImpl@2eb0cefe
2026-09-30T14:16:47.680+08:00  INFO 13292 --- [main] com.zaxxer.hikari.HikariDataSource       : HikariPool-1 - Start completed.
2026-09-30T14:16:48.091+08:00  INFO 13292 --- [SpringApplicationShutdownHook] com.zaxxer.hikari.HikariDataSource       : HikariPool-1 - Shutdown initiated...
2026-09-30T14:16:48.099+08:00  INFO 13292 --- [SpringApplicationShutdownHook] com.zaxxer.hikari.HikariDataSource       : HikariPool-1 - Shutdown completed.
2026-09-30T14:17:06.489+08:00  INFO 9008 --- [main] o.t.m.MyblogSprinbootApplication         : Starting MyblogSprinbootApplication using Java 17.0.5 with PID 9008 (E:\myblog\myblog-sprinboot\target\classes started by txf in E:\myblog\myblog-sprinboot)
2026-09-30T14:17:06.491+08:00  INFO 9008 --- [main] o.t.m.MyblogSprinbootApplication         : No active profile set, falling back to 1 default profile: "default"
2026-09-30T14:17:07.148+08:00  INFO 9008 --- [main] o.s.b.w.embedded.tomcat.TomcatWebServer  : Tomcat initialized with port(s): 8080 (http)
2026-09-30T14:17:07.156+08:00  INFO 9008 --- [main] o.apache.catalina.core.StandardService   : Starting service [Tomcat]
2026-09-30T14:17:07.156+08:00  INFO 9008 --- [main] o.apache.catalina.core.StandardEngine    : Starting Servlet engine: [Apache Tomcat/10.1.5]
2026-09-30T14:17:07.231+08:00  INFO 9008 --- [main] o.a.c.c.C.[Tomcat].[localhost].[/]       : Initializing Spring embedded WebApplicationContext
2026-09-30T14:17:07.232+08:00  INFO 9008 --- [main] w.s.c.ServletWebServerApplicationContext : Root WebApplicationContext: initialization completed in 711 ms
2026-09-30T14:17:07.566+08:00  INFO 9008 --- [main] o.s.b.a.w.s.WelcomePageHandlerMapping    : Adding welcome page: class path resource [static/index.html]
2026-09-30T14:17:07.678+08:00  INFO 9008 --- [main] o.s.b.w.embedded.tomcat.TomcatWebServer  : Tomcat started on port(s): 8080 (http) with context path ''
2026-09-30T14:17:07.685+08:00  INFO 9008 --- [main] o.t.m.MyblogSprinbootApplication         : Started MyblogSprinbootApplication in 1.549 seconds (process running for 1.997)
2026-09-30T14:17:42.388+08:00  INFO 9008 --- [http-nio-8080-exec-1] o.a.c.c.C.[Tomcat].[localhost].[/]       : Initializing Spring DispatcherServlet 'dispatcherServlet'
2026-09-30T14:17:42.388+08:00  INFO 9008 --- [http-nio-8080-exec-1] o.s.web.servlet.DispatcherServlet        : Initializing Servlet 'dispatcherServlet'
2026-09-30T14:17:42.389+08:00  INFO 9008 --- [http-nio-8080-exec-1] o.s.web.servlet.DispatcherServlet        : Completed initialization in 1 ms
2026-09-30T14:17:42.412+08:00  WARN 9008 --- [http-nio-8080-exec-1] ocalVariableTableParameterNameDiscoverer : Using deprecated '-debug' fallback for parameter name resolution. Compile the affected code with '-parameters' instead or avoid its introspection: org.txf.myblogsprinboot.controller.ArticleController
2026-09-30T14:17:42.437+08:00  INFO 9008 --- [http-nio-8080-exec-1] com.zaxxer.hikari.HikariDataSource       : HikariPool-1 - Starting...
2026-09-30T14:17:42.580+08:00  INFO 9008 --- [http-nio-8080-exec-1] com.zaxxer.hikari.pool.HikariPool        : HikariPool-1 - Added connection com.mysql.cj.jdbc.ConnectionImpl@9929328
2026-09-30T14:17:42.582+08:00  INFO 9008 --- [http-nio-8080-exec-1] com.zaxxer.hikari.HikariDataSource       : HikariPool-1 - Start completed.
2026-09-30T14:17:42.666+08:00  INFO 9008 --- [http-nio-8080-exec-1] o.txf.myblogsprinboot.utils.UserUtils    : 用户工具类getUserType方法判断用户类型.
2026-09-30T14:17:45.139+08:00  INFO 9008 --- [http-nio-8080-exec-2] o.txf.myblogsprinboot.utils.UserUtils    : 用户工具类getUserType方法判断用户类型.
2026-09-30T14:17:56.733+08:00  WARN 9008 --- [http-nio-8080-exec-3] ocalVariableTableParameterNameDiscoverer : Using deprecated '-debug' fallback for parameter name resolution. Compile the affected code with '-parameters' instead or avoid its introspection: org.txf.myblogsprinboot.controller.UserController
2026-09-30T14:17:56.734+08:00  INFO 9008 --- [http-nio-8080-exec-3] o.t.m.controller.UserController          : 用户登录.
2026-09-30T14:17:56.735+08:00  INFO 9008 --- [http-nio-8080-exec-3] o.t.m.controller.UserController          : 用户登录：校验参数成功.
2026-09-30T14:17:57.051+08:00  INFO 9008 --- [http-nio-8080-exec-3] o.t.m.controller.UserController          : 用户登录成功.
2026-09-30T14:17:59.113+08:00  INFO 9008 --- [http-nio-8080-exec-4] o.txf.myblogsprinboot.utils.UserUtils    : 用户工具类getUserType方法判断用户类型.
2026-09-30T14:18:06.637+08:00  INFO 9008 --- [http-nio-8080-exec-9] o.t.m.interceptor.LoginInterceptor       : 进行登录拦截...
2026-09-30T14:18:06.639+08:00  INFO 9008 --- [http-nio-8080-exec-9] o.t.m.interceptor.LoginInterceptor       : 登录拦截检查完毕，放行接口：/tag/list
2026-09-30T14:18:06.642+08:00  INFO 9008 --- [http-nio-8080-exec-9] o.t.myblogsprinboot.service.TagService   : 获取作者的标签列表，作者的名字为：frank
2026-09-30T14:18:08.727+08:00  INFO 9008 --- [http-nio-8080-exec-5] o.txf.myblogsprinboot.utils.UserUtils    : 用户工具类getUserType方法判断用户类型.
2026-09-30T14:18:39.737+08:00  INFO 9008 --- [http-nio-8080-exec-8] o.t.m.interceptor.LoginInterceptor       : 进行登录拦截...
2026-09-30T14:18:39.739+08:00  INFO 9008 --- [http-nio-8080-exec-8] o.t.m.interceptor.LoginInterceptor       : 登录拦截检查完毕，放行接口：/asset/upload
2026-09-30T14:18:41.844+08:00  INFO 9008 --- [http-nio-8080-exec-10] o.t.m.service.AssetService               : 资源公共id：4b6e0e52-b99e-4f66-93aa-511d1f8606f5
2026-09-30T14:18:56.592+08:00  INFO 9008 --- [http-nio-8080-exec-7] o.t.m.interceptor.LoginInterceptor       : 进行登录拦截...
2026-09-30T14:18:56.595+08:00  INFO 9008 --- [http-nio-8080-exec-7] o.t.m.interceptor.LoginInterceptor       : 登录拦截检查完毕，放行接口：/article/edit
2026-09-30T14:25:32.846+08:00  INFO 9008 --- [SpringApplicationShutdownHook] com.zaxxer.hikari.HikariDataSource       : HikariPool-1 - Shutdown initiated...
2026-09-30T14:25:32.853+08:00  INFO 9008 --- [SpringApplicationShutdownHook] com.zaxxer.hikari.HikariDataSource       : HikariPool-1 - Shutdown completed.
2026-09-30T14:25:36.916+08:00  INFO 24240 --- [main] o.t.m.MyblogSprinbootApplication         : Starting MyblogSprinbootApplication using Java 17.0.5 with PID 24240 (E:\myblog\myblog-sprinboot\target\classes started by txf in E:\myblog\myblog-sprinboot)
2026-09-30T14:25:36.918+08:00  INFO 24240 --- [main] o.t.m.MyblogSprinbootApplication         : No active profile set, falling back to 1 default profile: "default"
2026-09-30T14:25:37.665+08:00  INFO 24240 --- [main] o.s.b.w.embedded.tomcat.TomcatWebServer  : Tomcat initialized with port(s): 8080 (http)
2026-09-30T14:25:37.674+08:00  INFO 24240 --- [main] o.apache.catalina.core.StandardService   : Starting service [Tomcat]
2026-09-30T14:25:37.674+08:00  INFO 24240 --- [main] o.apache.catalina.core.StandardEngine    : Starting Servlet engine: [Apache Tomcat/10.1.5]
2026-09-30T14:25:37.764+08:00  INFO 24240 --- [main] o.a.c.c.C.[Tomcat].[localhost].[/]       : Initializing Spring embedded WebApplicationContext
2026-09-30T14:25:37.764+08:00  INFO 24240 --- [main] w.s.c.ServletWebServerApplicationContext : Root WebApplicationContext: initialization completed in 816 ms
2026-09-30T14:25:38.294+08:00  INFO 24240 --- [main] o.s.b.a.w.s.WelcomePageHandlerMapping    : Adding welcome page: class path resource [static/index.html]
2026-09-30T14:25:38.422+08:00  INFO 24240 --- [main] o.s.b.w.embedded.tomcat.TomcatWebServer  : Tomcat started on port(s): 8080 (http) with context path ''
2026-09-30T14:25:38.430+08:00  INFO 24240 --- [main] o.t.m.MyblogSprinbootApplication         : Started MyblogSprinbootApplication in 1.888 seconds (process running for 2.301)
2026-09-30T14:25:52.669+08:00  INFO 24240 --- [http-nio-8080-exec-1] o.a.c.c.C.[Tomcat].[localhost].[/]       : Initializing Spring DispatcherServlet 'dispatcherServlet'
2026-09-30T14:25:52.670+08:00  INFO 24240 --- [http-nio-8080-exec-1] o.s.web.servlet.DispatcherServlet        : Initializing Servlet 'dispatcherServlet'
2026-09-30T14:25:52.670+08:00  INFO 24240 --- [http-nio-8080-exec-1] o.s.web.servlet.DispatcherServlet        : Completed initialization in 0 ms
2026-09-30T14:25:52.688+08:00  WARN 24240 --- [http-nio-8080-exec-1] ocalVariableTableParameterNameDiscoverer : Using deprecated '-debug' fallback for parameter name resolution. Compile the affected code with '-parameters' instead or avoid its introspection: org.txf.myblogsprinboot.controller.UserController
2026-09-30T14:25:52.691+08:00  INFO 24240 --- [http-nio-8080-exec-1] o.t.m.controller.UserController          : 用户登录.
2026-09-30T14:25:52.692+08:00  INFO 24240 --- [http-nio-8080-exec-1] o.t.m.controller.UserController          : 用户登录：校验参数成功.
2026-09-30T14:25:52.704+08:00  INFO 24240 --- [http-nio-8080-exec-1] com.zaxxer.hikari.HikariDataSource       : HikariPool-1 - Starting...
2026-09-30T14:25:52.808+08:00  INFO 24240 --- [http-nio-8080-exec-1] com.zaxxer.hikari.pool.HikariPool        : HikariPool-1 - Added connection com.mysql.cj.jdbc.ConnectionImpl@5047e889
2026-09-30T14:25:52.809+08:00  INFO 24240 --- [http-nio-8080-exec-1] com.zaxxer.hikari.HikariDataSource       : HikariPool-1 - Start completed.
2026-09-30T14:25:53.170+08:00  INFO 24240 --- [http-nio-8080-exec-1] o.t.m.controller.UserController          : 用户登录成功.
2026-09-30T14:25:55.243+08:00  INFO 24240 --- [http-nio-8080-exec-3] o.t.m.interceptor.LoginInterceptor       : 进行登录拦截...
2026-09-30T14:25:55.266+08:00  INFO 24240 --- [http-nio-8080-exec-3] o.t.m.interceptor.LoginInterceptor       : 登录拦截检查完毕，放行接口：/tag/list
2026-09-30T14:25:55.268+08:00  INFO 24240 --- [http-nio-8080-exec-3] o.t.myblogsprinboot.service.TagService   : 获取作者的标签列表，作者的名字为：frank
2026-09-30T14:25:57.346+08:00  INFO 24240 --- [http-nio-8080-exec-4] o.txf.myblogsprinboot.utils.UserUtils    : 用户工具类getUserType方法判断用户类型.
2026-09-30T14:25:59.436+08:00  INFO 24240 --- [http-nio-8080-exec-5] o.t.m.service.AssetService               : 资源公共id：4b6e0e52-b99e-4f66-93aa-511d1f8606f5
2026-09-30T14:26:04.572+08:00  INFO 24240 --- [http-nio-8080-exec-6] o.t.m.interceptor.LoginInterceptor       : 进行登录拦截...
2026-09-30T14:26:04.573+08:00  INFO 24240 --- [http-nio-8080-exec-6] o.t.m.interceptor.LoginInterceptor       : 登录拦截检查完毕，放行接口：/article/edit
2026-09-30T14:26:06.699+08:00  INFO 24240 --- [http-nio-8080-exec-7] o.txf.myblogsprinboot.utils.UserUtils    : 用户工具类getUserType方法判断用户类型.
2026-09-30T14:26:16.469+08:00  INFO 24240 --- [http-nio-8080-exec-8] o.t.m.interceptor.LoginInterceptor       : 进行登录拦截...
2026-09-30T14:26:16.470+08:00  INFO 24240 --- [http-nio-8080-exec-8] o.t.m.interceptor.LoginInterceptor       : 登录拦截检查完毕，放行接口：/tag/list
2026-09-30T14:26:16.471+08:00  INFO 24240 --- [http-nio-8080-exec-8] o.t.myblogsprinboot.service.TagService   : 获取作者的标签列表，作者的名字为：frank
2026-09-30T14:26:18.550+08:00  INFO 24240 --- [http-nio-8080-exec-10] o.txf.myblogsprinboot.utils.UserUtils    : 用户工具类getUserType方法判断用户类型.
2026-09-30T14:26:24.189+08:00  WARN 24240 --- [http-nio-8080-exec-1] ocalVariableTableParameterNameDiscoverer : Using deprecated '-debug' fallback for parameter name resolution. Compile the affected code with '-parameters' instead or avoid its introspection: org.txf.myblogsprinboot.controller.ArticleController
2026-09-30T14:26:24.193+08:00  INFO 24240 --- [http-nio-8080-exec-1] o.txf.myblogsprinboot.utils.UserUtils    : 用户工具类getUserType方法判断用户类型.
2026-09-30T14:26:25.477+08:00  INFO 24240 --- [http-nio-8080-exec-2] o.txf.myblogsprinboot.utils.UserUtils    : 用户工具类getUserType方法判断用户类型.
2026-09-30T14:26:30.804+08:00  INFO 24240 --- [http-nio-8080-exec-3] o.txf.myblogsprinboot.utils.UserUtils    : 用户工具类getUserType方法判断用户类型.
2026-09-30T14:26:33.932+08:00  INFO 24240 --- [http-nio-8080-exec-4] o.txf.myblogsprinboot.utils.UserUtils    : 用户工具类getUserType方法判断用户类型.
2026-09-30T14:29:51.029+08:00  INFO 24240 --- [SpringApplicationShutdownHook] com.zaxxer.hikari.HikariDataSource       : HikariPool-1 - Shutdown initiated...
2026-09-30T14:29:51.036+08:00  INFO 24240 --- [SpringApplicationShutdownHook] com.zaxxer.hikari.HikariDataSource       : HikariPool-1 - Shutdown completed.
2026-09-30T14:34:18.806+08:00  INFO 26564 --- [main] o.t.m.MyblogSprinbootApplication         : Starting MyblogSprinbootApplication using Java 17.0.5 with PID 26564 (E:\myblog\myblog-sprinboot\target\classes started by txf in E:\myblog\myblog-sprinboot)
2026-09-30T14:34:18.808+08:00  INFO 26564 --- [main] o.t.m.MyblogSprinbootApplication         : No active profile set, falling back to 1 default profile: "default"
2026-09-30T14:34:19.499+08:00  INFO 26564 --- [main] o.s.b.w.embedded.tomcat.TomcatWebServer  : Tomcat initialized with port(s): 8080 (http)
2026-09-30T14:34:19.506+08:00  INFO 26564 --- [main] o.apache.catalina.core.StandardService   : Starting service [Tomcat]
2026-09-30T14:34:19.507+08:00  INFO 26564 --- [main] o.apache.catalina.core.StandardEngine    : Starting Servlet engine: [Apache Tomcat/10.1.5]
2026-09-30T14:34:19.589+08:00  INFO 26564 --- [main] o.a.c.c.C.[Tomcat].[localhost].[/]       : Initializing Spring embedded WebApplicationContext
2026-09-30T14:34:19.589+08:00  INFO 26564 --- [main] w.s.c.ServletWebServerApplicationContext : Root WebApplicationContext: initialization completed in 742 ms
2026-09-30T14:34:19.963+08:00  INFO 26564 --- [main] o.s.b.a.w.s.WelcomePageHandlerMapping    : Adding welcome page: class path resource [static/index.html]
2026-09-30T14:34:20.078+08:00  INFO 26564 --- [main] o.s.b.w.embedded.tomcat.TomcatWebServer  : Tomcat started on port(s): 8080 (http) with context path ''
2026-09-30T14:34:20.085+08:00  INFO 26564 --- [main] o.t.m.MyblogSprinbootApplication         : Started MyblogSprinbootApplication in 1.656 seconds (process running for 2.134)
2026-09-30T14:34:38.899+08:00  INFO 26564 --- [http-nio-8080-exec-1] o.a.c.c.C.[Tomcat].[localhost].[/]       : Initializing Spring DispatcherServlet 'dispatcherServlet'
2026-09-30T14:34:38.900+08:00  INFO 26564 --- [http-nio-8080-exec-1] o.s.web.servlet.DispatcherServlet        : Initializing Servlet 'dispatcherServlet'
2026-09-30T14:34:38.901+08:00  INFO 26564 --- [http-nio-8080-exec-1] o.s.web.servlet.DispatcherServlet        : Completed initialization in 1 ms
2026-09-30T14:34:38.924+08:00  WARN 26564 --- [http-nio-8080-exec-1] ocalVariableTableParameterNameDiscoverer : Using deprecated '-debug' fallback for parameter name resolution. Compile the affected code with '-parameters' instead or avoid its introspection: org.txf.myblogsprinboot.controller.ArticleController
2026-09-30T14:34:38.943+08:00  INFO 26564 --- [http-nio-8080-exec-1] com.zaxxer.hikari.HikariDataSource       : HikariPool-1 - Starting...
2026-09-30T14:34:39.080+08:00  INFO 26564 --- [http-nio-8080-exec-1] com.zaxxer.hikari.pool.HikariPool        : HikariPool-1 - Added connection com.mysql.cj.jdbc.ConnectionImpl@6909331a
2026-09-30T14:34:39.082+08:00  INFO 26564 --- [http-nio-8080-exec-1] com.zaxxer.hikari.HikariDataSource       : HikariPool-1 - Start completed.
2026-09-30T14:34:39.155+08:00  INFO 26564 --- [http-nio-8080-exec-1] o.txf.myblogsprinboot.utils.UserUtils    : 用户工具类getUserType方法判断用户类型.
2026-09-30T14:34:54.454+08:00  WARN 26564 --- [http-nio-8080-exec-2] ocalVariableTableParameterNameDiscoverer : Using deprecated '-debug' fallback for parameter name resolution. Compile the affected code with '-parameters' instead or avoid its introspection: org.txf.myblogsprinboot.controller.UserController
2026-09-30T14:34:54.455+08:00  INFO 26564 --- [http-nio-8080-exec-2] o.t.m.controller.UserController          : 用户登录.
2026-09-30T14:34:54.455+08:00  INFO 26564 --- [http-nio-8080-exec-2] o.t.m.controller.UserController          : 用户登录：校验参数成功.
2026-09-30T14:34:54.764+08:00  INFO 26564 --- [http-nio-8080-exec-2] o.t.m.controller.UserController          : 用户登录成功.
2026-09-30T14:34:56.833+08:00  INFO 26564 --- [http-nio-8080-exec-3] o.txf.myblogsprinboot.utils.UserUtils    : 用户工具类getUserType方法判断用户类型.
2026-09-30T14:35:02.025+08:00  INFO 26564 --- [http-nio-8080-exec-4] o.txf.myblogsprinboot.utils.UserUtils    : 用户工具类getUserType方法判断用户类型.
2026-09-30T14:35:04.102+08:00  INFO 26564 --- [http-nio-8080-exec-5] o.t.m.service.AssetService               : 资源公共id：4b6e0e52-b99e-4f66-93aa-511d1f8606f5
2026-09-30T14:35:12.607+08:00  INFO 26564 --- [http-nio-8080-exec-6] o.t.m.interceptor.LoginInterceptor       : 进行登录拦截...
2026-09-30T14:35:12.609+08:00  INFO 26564 --- [http-nio-8080-exec-6] o.t.m.interceptor.LoginInterceptor       : 登录拦截检查完毕，放行接口：/article/delete
2026-09-30T14:35:14.725+08:00  INFO 26564 --- [http-nio-8080-exec-7] o.txf.myblogsprinboot.utils.UserUtils    : 用户工具类getUserType方法判断用户类型.
2026-09-30T14:35:51.137+08:00  INFO 26564 --- [http-nio-8080-exec-8] o.t.m.interceptor.LoginInterceptor       : 进行登录拦截...
2026-09-30T14:35:51.139+08:00  INFO 26564 --- [http-nio-8080-exec-8] o.t.m.interceptor.LoginInterceptor       : 登录拦截检查完毕，放行接口：/tag/list
2026-09-30T14:35:51.141+08:00  INFO 26564 --- [http-nio-8080-exec-8] o.t.myblogsprinboot.service.TagService   : 获取作者的标签列表，作者的名字为：frank
2026-09-30T14:36:07.241+08:00  INFO 26564 --- [http-nio-8080-exec-10] o.t.m.interceptor.LoginInterceptor       : 进行登录拦截...
2026-09-30T14:36:07.242+08:00  INFO 26564 --- [http-nio-8080-exec-10] o.t.m.interceptor.LoginInterceptor       : 登录拦截检查完毕，放行接口：/tag/add
2026-09-30T14:36:07.243+08:00  WARN 26564 --- [http-nio-8080-exec-10] ocalVariableTableParameterNameDiscoverer : Using deprecated '-debug' fallback for parameter name resolution. Compile the affected code with '-parameters' instead or avoid its introspection: org.txf.myblogsprinboot.controller.TagController
2026-09-30T14:36:07.243+08:00  INFO 26564 --- [http-nio-8080-exec-10] o.t.m.controller.TagController           : 添加标签.
2026-09-30T14:36:17.246+08:00  INFO 26564 --- [http-nio-8080-exec-1] o.t.m.interceptor.LoginInterceptor       : 进行登录拦截...
2026-09-30T14:36:17.250+08:00  INFO 26564 --- [http-nio-8080-exec-1] o.t.m.interceptor.LoginInterceptor       : 登录拦截检查完毕，放行接口：/article/create
2026-09-30T14:36:17.267+08:00  INFO 26564 --- [http-nio-8080-exec-1] o.t.m.controller.ArticleController       : ArticleCreateDTO(title=测试文章, categoryId=1, tagIds=[27], visibility=PRIVATE, contentMarkdown=## 今天，学到了一点新东西

在这里记录你的学习过程。

### 值得记住的地方

- 理解概念
- 动手验证
- 记录总结

> 慢慢积累，每一篇都算数。

```java
System.out.println("Hello, my blog!");
```, assetIds=[])
2026-09-30T14:36:17.292+08:00  INFO 26564 --- [http-nio-8080-exec-1] o.t.m.controller.ArticleController       : Article created:Article(id=null, authorId=1, categoryId=1, slug=null, title=测试文章, summary=今天，学到了一点新东西
在这里记录你的学习过程。
值得记住的地方
- 理解概念
- 动手验证
- 记录总结
«慢慢积累，每一篇都算数。»
System.out.println("Hello, my blog!");, contentMarkdown=## 今天，学到了一点新东西

在这里记录你的学习过程。

### 值得记住的地方

- 理解概念
- 动手验证
- 记录总结

> 慢慢积累，每一篇都算数。

```java
System.out.println("Hello, my blog!");
```, visibility=PRIVATE, status=PUBLISHED, wordCount=95, readingMinutes=95, publishedAt=2026-09-30T14:36:17.292881700, rowVersion=0, deletedAt=null, createdAt=null, updatedAt=2026-09-30T14:36:17.292881700)
2026-09-30T14:36:19.392+08:00  INFO 26564 --- [http-nio-8080-exec-2] o.txf.myblogsprinboot.utils.UserUtils    : 用户工具类getUserType方法判断用户类型.
2026-09-30T14:36:42.497+08:00  INFO 26564 --- [http-nio-8080-exec-3] o.t.m.interceptor.LoginInterceptor       : 进行登录拦截...
2026-09-30T14:36:42.500+08:00  INFO 26564 --- [http-nio-8080-exec-3] o.t.m.interceptor.LoginInterceptor       : 登录拦截检查完毕，放行接口：/tag/list
2026-09-30T14:36:42.501+08:00  INFO 26564 --- [http-nio-8080-exec-3] o.t.myblogsprinboot.service.TagService   : 获取作者的标签列表，作者的名字为：frank
2026-09-30T14:36:44.556+08:00  INFO 26564 --- [http-nio-8080-exec-5] o.txf.myblogsprinboot.utils.UserUtils    : 用户工具类getUserType方法判断用户类型.
2026-09-30T14:36:48.217+08:00  INFO 26564 --- [http-nio-8080-exec-6] o.t.m.interceptor.LoginInterceptor       : 进行登录拦截...
2026-09-30T14:36:48.219+08:00  INFO 26564 --- [http-nio-8080-exec-6] o.t.m.interceptor.LoginInterceptor       : 登录拦截检查完毕，放行接口：/article/edit
2026-09-30T14:36:50.286+08:00  INFO 26564 --- [http-nio-8080-exec-7] o.txf.myblogsprinboot.utils.UserUtils    : 用户工具类getUserType方法判断用户类型.
2026-09-30T14:36:54.093+08:00  INFO 26564 --- [http-nio-8080-exec-9] o.txf.myblogsprinboot.utils.UserUtils    : 用户工具类getUserType方法判断用户类型.
2026-09-30T14:38:58.197+08:00  INFO 26564 --- [http-nio-8080-exec-8] o.txf.myblogsprinboot.utils.UserUtils    : 用户工具类getUserType方法判断用户类型.
2026-09-30T14:39:12.132+08:00  INFO 26564 --- [http-nio-8080-exec-10] o.txf.myblogsprinboot.utils.UserUtils    : 用户工具类getUserType方法判断用户类型.
2026-09-30T14:39:23.704+08:00  INFO 26564 --- [http-nio-8080-exec-1] o.txf.myblogsprinboot.utils.UserUtils    : 用户工具类getUserType方法判断用户类型.
2026-09-30T14:39:50.126+08:00  INFO 26564 --- [SpringApplicationShutdownHook] com.zaxxer.hikari.HikariDataSource       : HikariPool-1 - Shutdown initiated...
2026-09-30T14:39:50.130+08:00  INFO 26564 --- [SpringApplicationShutdownHook] com.zaxxer.hikari.HikariDataSource       : HikariPool-1 - Shutdown completed.
